BARAJAS,2103,CASCO H.BARAJAS,21017,17,4,5,4,0,0,2022-12-20T11:03:25.610+01:00,2022-12-01T00:00:00.000+01:00,2022-12-01T00:00:00.000+01:00
BARAJAS,2103,CASCO H.BARAJAS,21017,17,5,4,2,0,1,2022-12-20T11:03:25.610+01:00,2022-12-01T00:00:00.000+01:00,2022-12-01T00:00:00.000+01:00
BARAJAS,2103,CASCO H.BARAJAS,21017,17,9,3,2,1,0,2022-12-20T11:03:25.610+01:00,2022-12-01T00:00:00.000+01:00,2022-12-01T00:00:00.000+01:00
BARAJAS,2103,CASCO H.BARAJAS,21017,17,22,4,4,2,4,2022-12-20T11:03:25.610+01:00,2022-12-01T00:00:00.000+01:00,2022-12-01T00:00:00.000+01:00
BARAJAS,2103,CASCO H.BARAJAS,21017,17,24,6,7,4,2,2022-12-20T11:03:25.610+01:00,2022-12-01T00:00:00.000+01:00,2022-12-01T00:00:00.000+01:00
BARAJAS,2103,CASCO H.BARAJAS,21017,17,36,10,7,1,5,2022-12-20T11:03:25.610+01:00,2022-12-01T00:00:00.000+01:00,2022-12-01T00:00:00.000+01:00
BARAJAS,2103,CASCO H.BARAJAS,21017,17,37,6,14,3,2,2022-12-20T11:03:25.610+01:00,2022-12-01T00:00:00.000+01:00,2022-12-01T00:00:00.000+01:00
BARAJAS,2103,CASCO H.BARAJAS,21017,17,45,11,10,4,2,2022-12-20T11:03:25.610+01:00,2022-12-01T00:00:00.000+01:00,2022-12-01T00:00:00.000+01:00
BARAJAS,2103,CASCO H.BARAJAS,21017,17,47,8,6,2,2,2022-12-20T11:03:25.610+01:00,2022-12-01T00:00:00.000+01:00,2022-12-01T00:00:00.000+01:00
BARAJAS,2103,CASCO H.BARAJAS,21017,17,60,6,11,0,2,2022-12-20T11:03:25.610+01:00,2022-12-01T00:00:00.000+01:00,2022-12-01T00:00:00.000+01:00
BARAJAS,2103,CASCO H.BARAJAS,21017,17,63,7,17,0,0,2022-12-20T11:03:25.610+01:00,2022-12-01T00:00:00.000+01:00,2022-12-01T00:00:00.000+01:00
BARAJAS,2103,CASCO H.BARAJAS,21017,17,73,6,6,0,1,2022-12-20T11:03:25.610+01:00,2022-12-01T00:00:00.000+01:00,2022-12-01T00:00:00.000+01:00
BARAJAS,2103,CASCO H.BARAJAS,21017,17,76,5,6,0,0,2022-12-20T11:03:25.610+01:00,2022-12-01T00:00:00.000+01:00,2022-12-01T00:00:00.000+01:00
BARAJAS,2103,CASCO H.BARAJAS,21017,17,84,0,4,0,0,2022-12-20T11:03:25.610+01:00,2022-12-01T00:00:00.000+01:00,2022-12-01T00:00:00.000+01:00
BARAJAS,2103,CASCO H.BARAJAS,21017,17,85,1,4,0,0,2022-12-20T11:03:25.610+01:00,2022-12-01T00:00:00.000+01:00,2022-12-01T00:00:00.000+01:00
BARAJAS,2103,CASCO H.BARAJAS,21017,17,93,0,1,0,0,2022-12-20T11:03:25.610+01:00,2022-12-01T00:00:00.000+01:00,2022-12-01T00:00:00.000+01:00
BARAJAS,2103,CASCO H.BARAJAS,21017,17,99,0,2,0,0,2022-12-20T11:03:25.610+01:00,2022-12-01T00:00:00.000+01:00,2022-12-01T00:00:00.000+01:00
BARAJAS,2103,CASCO H.BARAJAS,21018,18,4,6,4,1,2,2022-12-20T11:03:25.610+01:00,2022-12-01T00:00:00.000+01:00,2022-12-01T00:00:00.000+01:00
BARAJAS,2103,CASCO H.BARAJAS,21018,18,8,3,3,0,1,2022-12-20T11:03:25.610+01:00,2022-12-01T00:00:00.000+01:00,2022-12-01T00:00:00.000+01:00
BARAJAS,2103,CASCO H.BARAJAS,21018,18,9,4,7,1,6,2022-12-20T11:03:25.610+01:00,2022-12-01T00:00:00.000+01:00,2022-12-01T00:00:00.000+01:00
BARAJAS,2103,CASCO H.BARAJAS,21018,18,16,3,3,2,3,2022-12-20T11:03:25.610+01:00,2022-12-01T00:00:00.000+01:00,2022-12-01T00:00:00.000+01:00
BARAJAS,2103,CASCO H.BARAJAS,21018,18,18,8,3,0,2,2022-12-20T11:03:25.610+01:00,2022-12-01T00:00:00.000+01:00,2022-12-01T00:00:00.000+01:00
BARAJAS,2103,CASCO H.BARAJAS,21018,18,19,4,6,0,0,2022-12-20T11:03:25.610+01:00,2022-12-01T00:00:00.000+01:00,2022-12-01T00:00:00.000+01:00
BARAJAS,2103,CASCO H.BARAJAS,21018,18,20,5,2,5,1,2022-12-20T11:03:25.610+01:00,2022-12-01T00:00:00.000+01:00,2022-12-01T00:00:00.000+01:00
BARAJAS,2103,CASCO H.BARAJAS,21018,18,26,6,9,4,1,2022-12-20T11:03:25.610+01:00,2022-12-01T00:00:00.000+01:00,2022-12-01T00:00:00.000+01:00
BARAJAS,2103,CASCO H.BARAJAS,21018,18,34,5,11,7,5,2022-12-20T11:03:25.610+01:00,2022-12-01T00:00:00.000+01:00,2022-12-01T00:00:00.000+01:00
BARAJAS,2103,CASCO H.BARAJAS,21018,18,38,9,5,3,7,2022-12-20T11:03:25.610+01:00,2022-12-01T00:00:00.000+01:00,2022-12-01T00:00:00.000+01:00
BARAJAS,2103,CASCO H.BARAJAS,21018,18,41,6,6,3,3,2022-12-20T11:03:25.610+01:00,2022-12-01T00:00:00.000+01:00,2022-12-01T00:00:00.000+01:00
BARAJAS,2103,CASCO H.BARAJAS,21018,18,44,8,9,5,6,2022-12-20T11:03:25.610+01:00,2022-12-01T00:00:00.000+01:00,2022-12-01T00:00:00.000+01:00
BARAJAS,2103,CASCO H.BARAJAS,21018,18,46,9,7,4,2,2022-12-20T11:03:25.610+01:00,2022-12-01T00:00:00.000+01:00,2022-12-01T00:00:00.000+01:00
BARAJAS,2103,CASCO H.BARAJAS,21018,18,48,9,7,2,2,2022-12-20T11:03:25.610+01:00,2022-12-01T00:00:00.000+01:00,2022-12-01T00:00:00.000+01:00
BARAJAS,2103,CASCO H.BARAJAS,21018,18,49,9,9,3,2,2022-12-20T11:03:25.610+01:00,2022-12-01T00:00:00.000+01:00,2022-12-01T00:00:00.000+01:00
BARAJAS,2103,CASCO H.BARAJAS,21018,18,50,8,9,4,4,2022-12-20T11:03:25.610+01:00,2022-12-01T00:00:00.000+01:00,2022-12-01T00:00:00.000+01:00
BARAJAS,2103,CASCO H.BARAJAS,21018,18,51,13,9,3,2,2022-12-20T11:03:25.610+01:00,2022-12-01T00:00:00.000+01:00,2022-12-01T00:00:00.000+01:00
BARAJAS,2103,CASCO H.BARAJAS,21018,18,55,6,9,1,4,2022-12-20T11:03:25.610+01:00,2022-12-01T00:00:00.000+01:00,2022-12-01T00:00:00.000+01:00
BARAJAS,2103,CASCO H.BARAJAS,21018,18,56,9,9,0,2,2022-12-20T11:03:25.610+01:00,2022-12-01T00:00:00.000+01:00,2022-12-01T00:00:00.000+01:00
BARAJAS,2103,CASCO H.BARAJAS,21018,18,58,8,6,1,2,2022-12-20T11:03:25.610+01:00,2022-12-01T00:00:00.000+01:00,2022-12-01T00:00:00.000+01:00
BARAJAS,2103,CASCO H.BARAJAS,21018,18,60,8,13,0,1,2022-12-20T11:03:25.610+01:00,2022-12-01T00:00:00.000+01:00,2022-12-01T00:00:00.000+01:00
BARAJAS,2103,CASCO H.BARAJAS,21018,18,69,2,6,0,0,2022-12-20T11:03:25.610+01:00,2022-12-01T00:00:00.000+01:00,2022-12-01T00:00:00.000+01:00
BARAJAS,2103,CASCO H.BARAJAS,21018,18,71,4,5,0,0,2022-12-20T11:03:25.610+01:00,2022-12-01T00:00:00.000+01:00,2022-12-01T00:00:00.000+01:00
BARAJAS,2103,CASCO H.BARAJAS,21018,18,79,5,9,0,0,2022-12-20T11:03:25.610+01:00,2022-12-01T00:00:00.000+01:00,2022-12-01T00:00:00.000+01:00
BARAJAS,2103,CASCO H.BARAJAS,21018,18,83,2,5,0,0,2022-12-20T11:03:25.610+01:00,2022-12-01T00:00:00.000+01:00,2022-12-01T00:00:00.000+01:00
BARAJAS,2103,CASCO H.BARAJAS,21018,18,87,2,4,0,0,2022-12-20T11:03:25.610+01:00,2022-12-01T00:00:00.000+01:00,2022-12-01T00:00:00.000+01:00
BARAJAS,2103,CASCO H.BARAJAS,21019,19,2,2,1,1,0,2022-12-20T11:03:25.610+01:00,2022-12-01T00:00:00.000+01:00,2022-12-01T00:00:00.000+01:00
BARAJAS,2103,CASCO H.BARAJAS,21019,19,3,4,7,2,2,2022-12-20T11:03:25.610+01:00,2022-12-01T00:00:00.000+01:00,2022-12-01T00:00:00.000+01:00
BARAJAS,2103,CASCO H.BARAJAS,21019,19,5,3,4,1,0,2022-12-20T11:03:25.610+01:00,2022-12-01T00:00:00.000+01:00,2022-12-01T00:00:00.000+01:00
BARAJAS,2103,CASCO H.BARAJAS,21019,19,7,2,3,0,1,2022-12-20T11:03:25.610+01:00,2022-12-01T00:00:00.000+01:00,2022-12-01T00:00:00.000+01:00
BARAJAS,2103,CASCO H.BARAJAS,21019,19,12,2,3,0,2,2022-12-20T11:03:25.610+01:00,2022-12-01T00:00:00.000+01:00,2022-12-01T00:00:00.000+01:00
BARAJAS,2103,CASCO H.BARAJAS,21019,19,17,4,2,0,0,2022-12-20T11:03:25.610+01:00,2022-12-01T00:00:00.000+01:00,2022-12-01T00:00:00.000+01:00
BARAJAS,2103,CASCO H.BARAJAS,21019,19,18,5,9,1,1,2022-12-20T11:03:25.610+01:00,2022-12-01T00:00:00.000+01:00,2022-12-01T00:00:00.000+01:00
BARAJAS,2103,CASCO H.BARAJAS,21019,19,20,7,1,0,1,2022-12-20T11:03:25.610+01:00,2022-12-01T00:00:00.000+01:00,2022-12-01T00:00:00.000+01:00
BARAJAS,2103,CASCO H.BARAJAS,21019,19,25,3,3,1,5,2022-12-20T11:03:25.610+01:00,2022-12-01T00:00:00.000+01:00,2022-12-01T00:00:00.000+01:00
BARAJAS,2103,CASCO H.BARAJAS,21019,19,29,10,6,1,1,2022-12-20T11:03:25.610+01:00,2022-12-01T00:00:00.000+01:00,2022-12-01T00:00:00.000+01:00
BARAJAS,2103,CASCO H.BARAJAS,21019,19,37,11,9,3,3,2022-12-20T11:03:25.610+01:00,2022-12-01T00:00:00.000+01:00,2022-12-01T00:00:00.000+01:00
BARAJAS,2103,CASCO H.BARAJAS,21019,19,41,11,11,1,2,2022-12-20T11:03:25.610+01:00,2022-12-01T00:00:00.000+01:00,2022-12-01T00:00:00.000+01:00
BARAJAS,2103,CASCO H.BARAJAS,21019,19,47,5,9,4,4,2022-12-20T11:03:25.610+01:00,2022-12-01T00:00:00.000+01:00,2022-12-01T00:00:00.000+01:00
BARAJAS,2103,CASCO H.BARAJAS,21019,19,48,10,8,4,6,2022-12-20T11:03:25.610+01:00,2022-12-01T00:00:00.000+01:00,2022-12-01T00:00:00.000+01:00
BARAJAS,2103,CASCO H.BARAJAS,21019,19,50,10,12,1,3,2022-12-20T11:03:25.610+01:00,2022-12-01T00:00:00.000+01:00,2022-12-01T00:00:00.000+01:00
BARAJAS,2103,CASCO H.BARAJAS,21019,19,51,7,6,3,2,2022-12-20T11:03:25.610+01:00,2022-12-01T00:00:00.000+01:00,2022-12-01T00:00:00.000+01:00
BARAJAS,2103,CASCO H.BARAJAS,21019,19,57,13,7,2,3,2022-12-20T11:03:25.610+01:00,2022-12-01T00:00:00.000+01:00,2022-12-01T00:00:00.000+01:00
BARAJAS,2103,CASCO H.BARAJAS,21019,19,61,8,10,1,2,2022-12-20T11:03:25.610+01:00,2022-12-01T00:00:00.000+01:00,2022-12-01T00:00:00.000+01:00
BARAJAS,2103,CASCO H.BARAJAS,21019,19,63,5,13,0,2,2022-12-20T11:03:25.610+01:00,2022-12-01T00:00:00.000+01:00,2022-12-01T00:00:00.000+01:00
BARAJAS,2103,CASCO H.BARAJAS,21019,19,72,2,4,0,0,2022-12-20T11:03:25.610+01:00,2022-12-01T00:00:00.000+01:00,2022-12-01T00:00:00.000+01:00
BARAJAS,2103,CASCO H.BARAJAS,21019,19,73,6,3,0,1,2022-12-20T11:03:25.610+01:00,2022-12-01T00:00:00.000+01:00,2022-12-01T00:00:00.000+01:00
BARAJAS,2103,CASCO H.BARAJAS,21019,19,81,4,4,0,1,2022-12-20T11:03:25.610+01:00,2022-12-01T00:00:00.000+01:00,2022-12-01T00:00:00.000+01:00
BARAJAS,2103,CASCO H.BARAJAS,21019,19,82,6,6,0,0,2022-12-20T11:03:25.610+01:00,2022-12-01T00:00:00.000+01:00,2022-12-01T00:00:00.000+01:00
BARAJAS,2103,CASCO H.BARAJAS,21019,19,85,1,5,0,0,2022-12-20T11:03:25.610+01:00,2022-12-01T00:00:00.000+01:00,2022-12-01T00:00:00.000+01:00
BARAJAS,2103,CASCO H.BARAJAS,21019,19,89,0,3,0,0,2022-12-20T11:03:25.610+01:00,2022-12-01T00:00:00.000+01:00,2022-12-01T00:00:00.000+01:00
BARAJAS,2103,CASCO H.BARAJAS,21019,19,92,0,3,0,0,2022-12-20T11:03:25.610+01:00,2022-12-01T00:00:00.000+01:00,2022-12-01T00:00:00.000+01:00
BARAJAS,2103,CASCO H.BARAJAS,21019,19,94,1,0,0,0,2022-12-20T11:03:25.610+01:00,2022-12-01T00:00:00.000+01:00,2022-12-01T00:00:00.000+01:00
BARAJAS,2103,CASCO H.BARAJAS,21019,19,101,0,1,0,0,2022-12-20T11:03:25.610+01:00,2022-12-01T00:00:00.000+01:00,2022-12-01T00:00:00.000+01:00
BARAJAS,2103,CASCO H.BARAJAS,21020,20,0,3,4,1,0,2022-12-20T11:03:25.610+01:00,2022-12-01T00:00:00.000+01:00,2022-12-01T00:00:00.000+01:00
BARAJAS,2103,CASCO H.BARAJAS,21020,20,4,3,5,2,3,2022-12-20T11:03:25.610+01:00,2022-12-01T00:00:00.000+01:00,2022-12-01T00:00:00.000+01:00
BARAJAS,2103,CASCO H.BARAJAS,21020,20,9,3,8,1,2,2022-12-20T11:03:25.610+01:00,2022-12-01T00:00:00.000+01:00,2022-12-01T00:00:00.000+01:00
BARAJAS,2103,CASCO H.BARAJAS,21020,20,11,2,3,2,0,2022-12-20T11:03:25.610+01:00,2022-12-01T00:00:00.000+01:00,2022-12-01T00:00:00.000+01:00
BARAJAS,2103,CASCO H.BARAJAS,21020,20,24,10,2,1,2,2022-12-20T11:03:25.610+01:00,2022-12-01T00:00:00.000+01:00,2022-12-01T00:00:00.000+01:00
BARAJAS,2103,CASCO H.BARAJAS,21020,20,28,10,4,6,4,2022-12-20T11:03:25.610+01:00,2022-12-01T00:00:00.000+01:00,2022-12-01T00:00:00.000+01:00
BARAJAS,2103,CASCO H.BARAJAS,21020,20,36,14,9,4,2,2022-12-20T11:03:25.610+01:00,2022-12-01T00:00:00.000+01:00,2022-12-01T00:00:00.000+01:00
BARAJAS,2103,CASCO H.BARAJAS,21020,20,46,14,10,3,5,2022-12-20T11:03:25.610+01:00,2022-12-01T00:00:00.000+01:00,2022-12-01T00:00:00.000+01:00
BARAJAS,2103,CASCO H.BARAJAS,21020,20,49,9,13,3,1,2022-12-20T11:03:25.610+01:00,2022-12-01T00:00:00.000+01:00,2022-12-01T00:00:00.000+01:00
BARAJAS,2103,CASCO H.BARAJAS,21020,20,50,15,8,3,2,2022-12-20T11:03:25.610+01:00,2022-12-01T00:00:00.000+01:00,2022-12-01T00:00:00.000+01:00
BARAJAS,2103,CASCO H.BARAJAS,21020,20,52,13,13,2,1,2022-12-20T11:03:25.610+01:00,2022-12-01T00:00:00.000+01:00,2022-12-01T00:00:00.000+01:00
BARAJAS,2103,CASCO H.BARAJAS,21020,20,53,8,6,0,2,2022-12-20T11:03:25.610+01:00,2022-12-01T00:00:00.000+01:00,2022-12-01T00:00:00.000+01:00
BARAJAS,2103,CASCO H.BARAJAS,21020,20,55,6,9,2,3,2022-12-20T11:03:25.610+01:00,2022-12-01T00:00:00.000+01:00,2022-12-01T00:00:00.000+01:00
BARAJAS,2103,CASCO H.BARAJAS,21020,20,58,9,13,0,5,2022-12-20T11:03:25.610+01:00,2022-12-01T00:00:00.000+01:00,2022-12-01T00:00:00.000+01:00
BARAJAS,2103,CASCO H.BARAJAS,21020,20,62,10,11,0,0,2022-12-20T11:03:25.610+01:00,2022-12-01T00:00:00.000+01:00,2022-12-01T00:00:00.000+01:00
BARAJAS,2103,CASCO H.BARAJAS,21020,20,65,11,17,0,2,2022-12-20T11:03:25.610+01:00,2022-12-01T00:00:00.000+01:00,2022-12-01T00:00:00.000+01:00
BARAJAS,2103,CASCO H.BARAJAS,21020,20,76,12,9,0,1,2022-12-20T11:03:25.610+01:00,2022-12-01T00:00:00.000+01:00,2022-12-01T00:00:00.000+01:00
BARAJAS,2103,CASCO H.BARAJAS,21020,20,85,5,6,0,0,2022-12-20T11:03:25.610+01:00,2022-12-01T00:00:00.000+01:00,2022-12-01T00:00:00.000+01:00
BARAJAS,2103,CASCO H.BARAJAS,21020,20,87,7,5,0,0,2022-12-20T11:03:25.610+01:00,2022-12-01T00:00:00.000+01:00,2022-12-01T00:00:00.000+01:00
BARAJAS,2103,CASCO H.BARAJAS,21020,20,93,0,1,0,0,2022-12-20T11:03:25.610+01:00,2022-12-01T00:00:00.000+01:00,2022-12-01T00:00:00.000+01:00
BARAJAS,2103,CASCO H.BARAJAS,21020,20,95,0,2,0,0,2022-12-20T11:03:25.610+01:00,2022-12-01T00:00:00.000+01:00,2022-12-01T00:00:00.000+01:00
BARAJAS,2103,CASCO H.BARAJAS,21021,21,10,4,4,1,3,2022-12-20T11:03:25.610+01:00,2022-12-01T00:00:00.000+01:00,2022-12-01T00:00:00.000+01:00
BARAJAS,2103,CASCO H.BARAJAS,21021,21,15,5,1,2,0,2022-12-20T11:03:25.610+01:00,2022-12-01T00:00:00.000+01:00,2022-12-01T00:00:00.000+01:00
BARAJAS,2103,CASCO H.BARAJAS,21021,21,16,6,2,2,2,2022-12-20T11:03:25.610+01:00,2022-12-01T00:00:00.000+01:00,2022-12-01T00:00:00.000+01:00
BARAJAS,2103,CASCO H.BARAJAS,21021,21,17,3,2,2,1,2022-12-20T11:03:25.610+01:00,2022-12-01T00:00:00.000+01:00,2022-12-01T00:00:00.000+01:00
BARAJAS,2103,CASCO H.BARAJAS,21021,21,24,7,2,3,2,2022-12-20T11:03:25.610+01:00,2022-12-01T00:00:00.000+01:00,2022-12-01T00:00:00.000+01:00
BARAJAS,2103,CASCO H.BARAJAS,21021,21,31,5,10,3,5,2022-12-20T11:03:25.610+01:00,2022-12-01T00:00:00.000+01:00,2022-12-01T00:00:00.000+01:00
BARAJAS,2103,CASCO H.BARAJAS,21021,21,34,6,8,1,2,2022-12-20T11:03:25.610+01:00,2022-12-01T00:00:00.000+01:00,2022-12-01T00:00:00.000+01:00
BARAJAS,2103,CASCO H.BARAJAS,21021,21,38,5,5,2,4,2022-12-20T11:03:25.610+01:00,2022-12-01T00:00:00.000+01:00,2022-12-01T00:00:00.000+01:00
BARAJAS,2103,CASCO H.BARAJAS,21021,21,39,13,10,2,3,2022-12-20T11:03:25.610+01:00,2022-12-01T00:00:00.000+01:00,2022-12-01T00:00:00.000+01:00
BARAJAS,2103,CASCO H.BARAJAS,21021,21,42,10,8,3,1,2022-12-20T11:03:25.610+01:00,2022-12-01T00:00:00.000+01:00,2022-12-01T00:00:00.000+01:00
BARAJAS,2103,CASCO H.BARAJAS,21021,21,44,4,4,4,1,2022-12-20T11:03:25.610+01:00,2022-12-01T00:00:00.000+01:00,2022-12-01T00:00:00.000+01:00
BARAJAS,2103,CASCO H.BARAJAS,21021,21,45,5,12,3,2,2022-12-20T11:03:25.610+01:00,2022-12-01T00:00:00.000+01:00,2022-12-01T00:00:00.000+01:00
BARAJAS,2103,CASCO H.BARAJAS,21021,21,50,10,6,0,2,2022-12-20T11:03:25.610+01:00,2022-12-01T00:00:00.000+01:00,2022-12-01T00:00:00.000+01:00
BARAJAS,2103,CASCO H.BARAJAS,21021,21,52,3,8,2,2,2022-12-20T11:03:25.610+01:00,2022-12-01T00:00:00.000+01:00,2022-12-01T00:00:00.000+01:00
BARAJAS,2103,CASCO H.BARAJAS,21021,21,59,7,13,2,2,2022-12-20T11:03:25.610+01:00,2022-12-01T00:00:00.000+01:00,2022-12-01T00:00:00.000+01:00
BARAJAS,2103,CASCO H.BARAJAS,21021,21,61,9,13,1,2,2022-12-20T11:03:25.610+01:00,2022-12-01T00:00:00.000+01:00,2022-12-01T00:00:00.000+01:00
BARAJAS,2103,CASCO H.BARAJAS,21021,21,64,9,6,0,0,2022-12-20T11:03:25.610+01:00,2022-12-01T00:00:00.000+01:00,2022-12-01T00:00:00.000+01:00
BARAJAS,2103,CASCO H.BARAJAS,21021,21,69,5,6,0,1,2022-12-20T11:03:25.610+01:00,2022-12-01T00:00:00.000+01:00,2022-12-01T00:00:00.000+01:00
BARAJAS,2103,CASCO H.BARAJAS,21021,21,72,1,4,0,1,2022-12-20T11:03:25.610+01:00,2022-12-01T00:00:00.000+01:00,2022-12-01T00:00:00.000+01:00
BARAJAS,2103,CASCO H.BARAJAS,21021,21,73,5,1,0,0,2022-12-20T11:03:25.610+01:00,2022-12-01T00:00:00.000+01:00,2022-12-01T00:00:00.000+01:00
BARAJAS,2103,CASCO H.BARAJAS,21021,21,74,2,4,0,1,2022-12-20T11:03:25.610+01:00,2022-12-01T00:00:00.000+01:00,2022-12-01T00:00:00.000+01:00
BARAJAS,2103,CASCO H.BARAJAS,21021,21,75,3,4,0,2,2022-12-20T11:03:25.610+01:00,2022-12-01T00:00:00.000+01:00,2022-12-01T00:00:00.000+01:00
BARAJAS,2103,CASCO H.BARAJAS,21021,21,77,2,2,1,1,2022-12-20T11:03:25.610+01:00,2022-12-01T00:00:00.000+01:00,2022-12-01T00:00:00.000+01:00
BARAJAS,2103,CASCO H.BARAJAS,21021,21,78,5,5,0,0,2022-12-20T11:03:25.610+01:00,2022-12-01T00:00:00.000+01:00,2022-12-01T00:00:00.000+01:00
BARAJAS,2103,CASCO H.BARAJAS,21021,21,79,4,2,0,0,2022-12-20T11:03:25.610+01:00,2022-12-01T00:00:00.000+01:00,2022-12-01T00:00:00.000+01:00
BARAJAS,2103,CASCO H.BARAJAS,21021,21,83,1,4,0,0,2022-12-20T11:03:25.610+01:00,2022-12-01T00:00:00.000+01:00,2022-12-01T00:00:00.000+01:00
BARAJAS,2103,CASCO H.BARAJAS,21021,21,84,0,2,0,0,2022-12-20T11:03:25.610+01:00,2022-12-01T00:00:00.000+01:00,2022-12-01T00:00:00.000+01:00
BARAJAS,2103,CASCO H.BARAJAS,21021,21,86,0,5,0,1,2022-12-20T11:03:25.610+01:00,2022-12-01T00:00:00.000+01:00,2022-12-01T00:00:00.000+01:00
BARAJAS,2103,CASCO H.BARAJAS,21021,21,88,1,3,0,0,2022-12-20T11:03:25.610+01:00,2022-12-01T00:00:00.000+01:00,2022-12-01T00:00:00.000+01:00
BARAJAS,2103,CASCO H.BARAJAS,21021,21,92,0,1,0,0,2022-12-20T11:03:25.610+01:00,2022-12-01T00:00:00.000+01:00,2022-12-01T00:00:00.000+01:00
BARAJAS,2103,CASCO H.BARAJAS,21021,21,93,0,3,0,0,2022-12-20T11:03:25.610+01:00,2022-12-01T00:00:00.000+01:00,2022-12-01T00:00:00.000+01:00
BARAJAS,2103,CASCO H.BARAJAS,21021,21,95,1,0,0,0,2022-12-20T11:03:25.610+01:00,2022-12-01T00:00:00.000+01:00,2022-12-01T00:00:00.000+01:00
BARAJAS,2103,CASCO H.BARAJAS,21017,17,1,2,6,1,0,2022-12-20T11:03:25.573+01:00,2022-12-01T00:00:00.000+01:00,2022-12-01T00:00:00.000+01:00
BARAJAS,2103,CASCO H.BARAJAS,21017,17,6,1,4,0,0,2022-12-20T11:03:25.573+01:00,2022-12-01T00:00:00.000+01:00,2022-12-01T00:00:00.000+01:00
BARAJAS,2103,CASCO H.BARAJAS,21017,17,11,1,7,2,1,2022-12-20T11:03:25.573+01:00,2022-12-01T00:00:00.000+01:00,2022-12-01T00:00:00.000+01:00
BARAJAS,2103,CASCO H.BARAJAS,21017,17,14,2,6,0,1,2022-12-20T11:03:25.573+01:00,2022-12-01T00:00:00.000+01:00,2022-12-01T00:00:00.000+01:00
BARAJAS,2103,CASCO H.BARAJAS,21017,17,21,5,7,3,2,2022-12-20T11:03:25.573+01:00,2022-12-01T00:00:00.000+01:00,2022-12-01T00:00:00.000+01:00
BARAJAS,2103,CASCO H.BARAJAS,21017,17,25,4,6,4,5,2022-12-20T11:03:25.573+01:00,2022-12-01T00:00:00.000+01:00,2022-12-01T00:00:00.000+01:00
BARAJAS,2103,CASCO H.BARAJAS,21017,17,27,5,7,2,3,2022-12-20T11:03:25.573+01:00,2022-12-01T00:00:00.000+01:00,2022-12-01T00:00:00.000+01:00
BARAJAS,2103,CASCO H.BARAJAS,21017,17,29,7,7,4,4,2022-12-20T11:03:25.573+01:00,2022-12-01T00:00:00.000+01:00,2022-12-01T00:00:00.000+01:00
BARAJAS,2103,CASCO H.BARAJAS,21017,17,33,6,5,5,5,2022-12-20T11:03:25.573+01:00,2022-12-01T00:00:00.000+01:00,2022-12-01T00:00:00.000+01:00
BARAJAS,2103,CASCO H.BARAJAS,21017,17,34,8,5,3,7,2022-12-20T11:03:25.573+01:00,2022-12-01T00:00:00.000+01:00,2022-12-01T00:00:00.000+01:00
BARAJAS,2103,CASCO H.BARAJAS,21017,17,35,7,7,3,5,2022-12-20T11:03:25.573+01:00,2022-12-01T00:00:00.000+01:00,2022-12-01T00:00:00.000+01:00
BARAJAS,2103,CASCO H.BARAJAS,21017,17,43,9,6,3,3,2022-12-20T11:03:25.573+01:00,2022-12-01T00:00:00.000+01:00,2022-12-01T00:00:00.000+01:00
BARAJAS,2103,CASCO H.BARAJAS,21017,17,46,6,9,1,5,2022-12-20T11:03:25.573+01:00,2022-12-01T00:00:00.000+01:00,2022-12-01T00:00:00.000+01:00
BARAJAS,2103,CASCO H.BARAJAS,21017,17,49,8,8,1,4,2022-12-20T11:03:25.573+01:00,2022-12-01T00:00:00.000+01:00,2022-12-01T00:00:00.000+01:00
BARAJAS,2103,CASCO H.BARAJAS,21017,17,52,6,11,3,1,2022-12-20T11:03:25.573+01:00,2022-12-01T00:00:00.000+01:00,2022-12-01T00:00:00.000+01:00
BARAJAS,2103,CASCO H.BARAJAS,21017,17,54,12,9,4,1,2022-12-20T11:03:25.573+01:00,2022-12-01T00:00:00.000+01:00,2022-12-01T00:00:00.000+01:00
BARAJAS,2103,CASCO H.BARAJAS,21017,17,55,8,5,2,3,2022-12-20T11:03:25.577+01:00,2022-12-01T00:00:00.000+01:00,2022-12-01T00:00:00.000+01:00
BARAJAS,2103,CASCO H.BARAJAS,21017,17,59,9,10,3,2,2022-12-20T11:03:25.577+01:00,2022-12-01T00:00:00.000+01:00,2022-12-01T00:00:00.000+01:00
BARAJAS,2103,CASCO H.BARAJAS,21017,17,61,13,9,0,1,2022-12-20T11:03:25.577+01:00,2022-12-01T00:00:00.000+01:00,2022-12-01T00:00:00.000+01:00
BARAJAS,2103,CASCO H.BARAJAS,21017,17,67,6,9,2,0,2022-12-20T11:03:25.577+01:00,2022-12-01T00:00:00.000+01:00,2022-12-01T00:00:00.000+01:00
BARAJAS,2103,CASCO H.BARAJAS,21017,17,70,9,9,0,0,2022-12-20T11:03:25.577+01:00,2022-12-01T00:00:00.000+01:00,2022-12-01T00:00:00.000+01:00
BARAJAS,2103,CASCO H.BARAJAS,21017,17,71,2,6,2,0,2022-12-20T11:03:25.577+01:00,2022-12-01T00:00:00.000+01:00,2022-12-01T00:00:00.000+01:00
BARAJAS,2103,CASCO H.BARAJAS,21017,17,72,4,9,0,0,2022-12-20T11:03:25.577+01:00,2022-12-01T00:00:00.000+01:00,2022-12-01T00:00:00.000+01:00
BARAJAS,2103,CASCO H.BARAJAS,21017,17,80,4,4,0,0,2022-12-20T11:03:25.577+01:00,2022-12-01T00:00:00.000+01:00,2022-12-01T00:00:00.000+01:00
BARAJAS,2103,CASCO H.BARAJAS,21017,17,86,1,1,0,0,2022-12-20T11:03:25.577+01:00,2022-12-01T00:00:00.000+01:00,2022-12-01T00:00:00.000+01:00
BARAJAS,2103,CASCO H.BARAJAS,21017,17,89,0,4,0,0,2022-12-20T11:03:25.577+01:00,2022-12-01T00:00:00.000+01:00,2022-12-01T00:00:00.000+01:00
BARAJAS,2103,CASCO H.BARAJAS,21017,17,92,3,3,0,0,2022-12-20T11:03:25.577+01:00,2022-12-01T00:00:00.000+01:00,2022-12-01T00:00:00.000+01:00
BARAJAS,2103,CASCO H.BARAJAS,21017,17,95,0,1,0,0,2022-12-20T11:03:25.577+01:00,2022-12-01T00:00:00.000+01:00,2022-12-01T00:00:00.000+01:00
BARAJAS,2103,CASCO H.BARAJAS,21018,18,10,2,9,0,0,2022-12-20T11:03:25.577+01:00,2022-12-01T00:00:00.000+01:00,2022-12-01T00:00:00.000+01:00
BARAJAS,2103,CASCO H.BARAJAS,21018,18,13,7,2,1,0,2022-12-20T11:03:25.577+01:00,2022-12-01T00:00:00.000+01:00,2022-12-01T00:00:00.000+01:00
BARAJAS,2103,CASCO H.BARAJAS,21018,18,14,4,1,0,1,2022-12-20T11:03:25.577+01:00,2022-12-01T00:00:00.000+01:00,2022-12-01T00:00:00.000+01:00
BARAJAS,2103,CASCO H.BARAJAS,21018,18,15,7,3,1,2,2022-12-20T11:03:25.577+01:00,2022-12-01T00:00:00.000+01:00,2022-12-01T00:00:00.000+01:00
BARAJAS,2103,CASCO H.BARAJAS,21018,18,27,8,8,3,5,2022-12-20T11:03:25.577+01:00,2022-12-01T00:00:00.000+01:00,2022-12-01T00:00:00.000+01:00
BARAJAS,2103,CASCO H.BARAJAS,21018,18,28,5,4,1,3,2022-12-20T11:03:25.577+01:00,2022-12-01T00:00:00.000+01:00,2022-12-01T00:00:00.000+01:00
BARAJAS,2103,CASCO H.BARAJAS,21018,18,29,6,4,4,8,2022-12-20T11:03:25.577+01:00,2022-12-01T00:00:00.000+01:00,2022-12-01T00:00:00.000+01:00
BARAJAS,2103,CASCO H.BARAJAS,21018,18,30,9,6,3,6,2022-12-20T11:03:25.577+01:00,2022-12-01T00:00:00.000+01:00,2022-12-01T00:00:00.000+01:00
BARAJAS,2103,CASCO H.BARAJAS,21018,18,31,8,8,3,4,2022-12-20T11:03:25.577+01:00,2022-12-01T00:00:00.000+01:00,2022-12-01T00:00:00.000+01:00
BARAJAS,2103,CASCO H.BARAJAS,21018,18,35,7,11,3,4,2022-12-20T11:03:25.577+01:00,2022-12-01T00:00:00.000+01:00,2022-12-01T00:00:00.000+01:00
BARAJAS,2103,CASCO H.BARAJAS,21018,18,47,8,9,2,4,2022-12-20T11:03:25.577+01:00,2022-12-01T00:00:00.000+01:00,2022-12-01T00:00:00.000+01:00
BARAJAS,2103,CASCO H.BARAJAS,21018,18,57,11,11,2,0,2022-12-20T11:03:25.577+01:00,2022-12-01T00:00:00.000+01:00,2022-12-01T00:00:00.000+01:00
BARAJAS,2103,CASCO H.BARAJAS,21018,18,61,16,10,0,3,2022-12-20T11:03:25.577+01:00,2022-12-01T00:00:00.000+01:00,2022-12-01T00:00:00.000+01:00
BARAJAS,2103,CASCO H.BARAJAS,21018,18,62,8,2,2,0,2022-12-20T11:03:25.577+01:00,2022-12-01T00:00:00.000+01:00,2022-12-01T00:00:00.000+01:00
BARAJAS,2103,CASCO H.BARAJAS,21018,18,68,6,8,0,0,2022-12-20T11:03:25.577+01:00,2022-12-01T00:00:00.000+01:00,2022-12-01T00:00:00.000+01:00
BARAJAS,2103,CASCO H.BARAJAS,21018,18,70,5,5,0,1,2022-12-20T11:03:25.577+01:00,2022-12-01T00:00:00.000+01:00,2022-12-01T00:00:00.000+01:00
BARAJAS,2103,CASCO H.BARAJAS,21018,18,75,5,8,0,0,2022-12-20T11:03:25.577+01:00,2022-12-01T00:00:00.000+01:00,2022-12-01T00:00:00.000+01:00
BARAJAS,2103,CASCO H.BARAJAS,21018,18,80,3,6,1,0,2022-12-20T11:03:25.577+01:00,2022-12-01T00:00:00.000+01:00,2022-12-01T00:00:00.000+01:00
BARAJAS,2103,CASCO H.BARAJAS,21018,18,88,2,5,0,0,2022-12-20T11:03:25.577+01:00,2022-12-01T00:00:00.000+01:00,2022-12-01T00:00:00.000+01:00
BARAJAS,2103,CASCO H.BARAJAS,21018,18,92,1,0,0,0,2022-12-20T11:03:25.577+01:00,2022-12-01T00:00:00.000+01:00,2022-12-01T00:00:00.000+01:00
BARAJAS,2103,CASCO H.BARAJAS,21018,18,93,1,1,0,0,2022-12-20T11:03:25.577+01:00,2022-12-01T00:00:00.000+01:00,2022-12-01T00:00:00.000+01:00
BARAJAS,2103,CASCO H.BARAJAS,21018,18,98,1,0,0,0,2022-12-20T11:03:25.577+01:00,2022-12-01T00:00:00.000+01:00,2022-12-01T00:00:00.000+01:00
BARAJAS,2103,CASCO H.BARAJAS,21019,19,0,3,2,0,3,2022-12-20T11:03:25.577+01:00,2022-12-01T00:00:00.000+01:00,2022-12-01T00:00:00.000+01:00
BARAJAS,2103,CASCO H.BARAJAS,21019,19,4,3,6,1,0,2022-12-20T11:03:25.577+01:00,2022-12-01T00:00:00.000+01:00,2022-12-01T00:00:00.000+01:00
BARAJAS,2103,CASCO H.BARAJAS,21019,19,8,5,4,0,4,2022-12-20T11:03:25.577+01:00,2022-12-01T00:00:00.000+01:00,2022-12-01T00:00:00.000+01:00
BARAJAS,2103,CASCO H.BARAJAS,21019,19,9,3,1,2,1,2022-12-20T11:03:25.577+01:00,2022-12-01T00:00:00.000+01:00,2022-12-01T00:00:00.000+01:00
BARAJAS,2103,CASCO H.BARAJAS,21019,19,11,4,5,0,1,2022-12-20T11:03:25.577+01:00,2022-12-01T00:00:00.000+01:00,2022-12-01T00:00:00.000+01:00
BARAJAS,2103,CASCO H.BARAJAS,21019,19,13,4,3,1,0,2022-12-20T11:03:25.577+01:00,2022-12-01T00:00:00.000+01:00,2022-12-01T00:00:00.000+01:00
BARAJAS,2103,CASCO H.BARAJAS,21019,19,14,6,5,2,0,2022-12-20T11:03:25.577+01:00,2022-12-01T00:00:00.000+01:00,2022-12-01T00:00:00.000+01:00
BARAJAS,2103,CASCO H.BARAJAS,21019,19,15,4,6,2,0,2022-12-20T11:03:25.577+01:00,2022-12-01T00:00:00.000+01:00,2022-12-01T00:00:00.000+01:00
BARAJAS,2103,CASCO H.BARAJAS,21019,19,16,3,3,1,3,2022-12-20T11:03:25.577+01:00,2022-12-01T00:00:00.000+01:00,2022-12-01T00:00:00.000+01:00
BARAJAS,2103,CASCO H.BARAJAS,21019,19,19,3,12,1,1,2022-12-20T11:03:25.577+01:00,2022-12-01T00:00:00.000+01:00,2022-12-01T00:00:00.000+01:00
BARAJAS,2103,CASCO H.BARAJAS,21019,19,22,3,5,3,3,2022-12-20T11:03:25.577+01:00,2022-12-01T00:00:00.000+01:00,2022-12-01T00:00:00.000+01:00
BARAJAS,2103,CASCO H.BARAJAS,21019,19,24,5,7,2,1,2022-12-20T11:03:25.577+01:00,2022-12-01T00:00:00.000+01:00,2022-12-01T00:00:00.000+01:00
BARAJAS,2103,CASCO H.BARAJAS,21019,19,28,8,15,2,5,2022-12-20T11:03:25.577+01:00,2022-12-01T00:00:00.000+01:00,2022-12-01T00:00:00.000+01:00
BARAJAS,2103,CASCO H.BARAJAS,21019,19,30,8,11,2,4,2022-12-20T11:03:25.577+01:00,2022-12-01T00:00:00.000+01:00,2022-12-01T00:00:00.000+01:00
BARAJAS,2103,CASCO H.BARAJAS,21019,19,31,13,7,2,5,2022-12-20T11:03:25.577+01:00,2022-12-01T00:00:00.000+01:00,2022-12-01T00:00:00.000+01:00
BARAJAS,2103,CASCO H.BARAJAS,21019,19,35,13,8,0,3,2022-12-20T11:03:25.577+01:00,2022-12-01T00:00:00.000+01:00,2022-12-01T00:00:00.000+01:00
BARAJAS,2103,CASCO H.BARAJAS,21019,19,42,7,12,3,4,2022-12-20T11:03:25.577+01:00,2022-12-01T00:00:00.000+01:00,2022-12-01T00:00:00.000+01:00
BARAJAS,2103,CASCO H.BARAJAS,21019,19,53,9,12,1,6,2022-12-20T11:03:25.577+01:00,2022-12-01T00:00:00.000+01:00,2022-12-01T00:00:00.000+01:00
BARAJAS,2103,CASCO H.BARAJAS,21019,19,62,12,5,3,0,2022-12-20T11:03:25.577+01:00,2022-12-01T00:00:00.000+01:00,2022-12-01T00:00:00.000+01:00
BARAJAS,2103,CASCO H.BARAJAS,21019,19,74,3,3,0,0,2022-12-20T11:03:25.577+01:00,2022-12-01T00:00:00.000+01:00,2022-12-01T00:00:00.000+01:00
BARAJAS,2103,CASCO H.BARAJAS,21019,19,75,6,8,0,0,2022-12-20T11:03:25.577+01:00,2022-12-01T00:00:00.000+01:00,2022-12-01T00:00:00.000+01:00
BARAJAS,2103,CASCO H.BARAJAS,21019,19,79,6,4,0,0,2022-12-20T11:03:25.577+01:00,2022-12-01T00:00:00.000+01:00,2022-12-01T00:00:00.000+01:00
BARAJAS,2103,CASCO H.BARAJAS,21019,19,86,2,1,0,0,2022-12-20T11:03:25.577+01:00,2022-12-01T00:00:00.000+01:00,2022-12-01T00:00:00.000+01:00
BARAJAS,2103,CASCO H.BARAJAS,21019,19,90,2,4,0,0,2022-12-20T11:03:25.577+01:00,2022-12-01T00:00:00.000+01:00,2022-12-01T00:00:00.000+01:00
BARAJAS,2103,CASCO H.BARAJAS,21019,19,96,0,1,0,0,2022-12-20T11:03:25.577+01:00,2022-12-01T00:00:00.000+01:00,2022-12-01T00:00:00.000+01:00
BARAJAS,2103,CASCO H.BARAJAS,21020,20,6,3,4,1,1,2022-12-20T11:03:25.577+01:00,2022-12-01T00:00:00.000+01:00,2022-12-01T00:00:00.000+01:00
BARAJAS,2103,CASCO H.BARAJAS,21020,20,8,4,10,2,1,2022-12-20T11:03:25.577+01:00,2022-12-01T00:00:00.000+01:00,2022-12-01T00:00:00.000+01:00
BARAJAS,2103,CASCO H.BARAJAS,21020,20,10,4,8,1,2,2022-12-20T11:03:25.577+01:00,2022-12-01T00:00:00.000+01:00,2022-12-01T00:00:00.000+01:00
BARAJAS,2103,CASCO H.BARAJAS,21020,20,13,4,4,0,0,2022-12-20T11:03:25.577+01:00,2022-12-01T00:00:00.000+01:00,2022-12-01T00:00:00.000+01:00
BARAJAS,2103,CASCO H.BARAJAS,21020,20,14,4,5,1,1,2022-12-20T11:03:25.577+01:00,2022-12-01T00:00:00.000+01:00,2022-12-01T00:00:00.000+01:00
BARAJAS,2103,CASCO H.BARAJAS,21020,20,15,3,2,3,0,2022-12-20T11:03:25.577+01:00,2022-12-01T00:00:00.000+01:00,2022-12-01T00:00:00.000+01:00
BARAJAS,2103,CASCO H.BARAJAS,21020,20,20,10,4,2,2,2022-12-20T11:03:25.577+01:00,2022-12-01T00:00:00.000+01:00,2022-12-01T00:00:00.000+01:00
BARAJAS,2103,CASCO H.BARAJAS,21020,20,23,1,4,1,2,2022-12-20T11:03:25.577+01:00,2022-12-01T00:00:00.000+01:00,2022-12-01T00:00:00.000+01:00
BARAJAS,2103,CASCO H.BARAJAS,21020,20,25,7,6,1,2,2022-12-20T11:03:25.577+01:00,2022-12-01T00:00:00.000+01:00,2022-12-01T00:00:00.000+01:00
BARAJAS,2103,CASCO H.BARAJAS,21020,20,29,2,5,4,4,2022-12-20T11:03:25.577+01:00,2022-12-01T00:00:00.000+01:00,2022-12-01T00:00:00.000+01:00
BARAJAS,2103,CASCO H.BARAJAS,21020,20,33,10,6,2,3,2022-12-20T11:03:25.577+01:00,2022-12-01T00:00:00.000+01:00,2022-12-01T00:00:00.000+01:00
BARAJAS,2103,CASCO H.BARAJAS,21020,20,37,9,9,1,4,2022-12-20T11:03:25.577+01:00,2022-12-01T00:00:00.000+01:00,2022-12-01T00:00:00.000+01:00
BARAJAS,2103,CASCO H.BARAJAS,21020,20,38,14,15,2,4,2022-12-20T11:03:25.577+01:00,2022-12-01T00:00:00.000+01:00,2022-12-01T00:00:00.000+01:00
BARAJAS,2103,CASCO H.BARAJAS,21020,20,39,19,11,2,2,2022-12-20T11:03:25.577+01:00,2022-12-01T00:00:00.000+01:00,2022-12-01T00:00:00.000+01:00
BARAJAS,2103,CASCO H.BARAJAS,21020,20,44,15,14,0,1,2022-12-20T11:03:25.577+01:00,2022-12-01T00:00:00.000+01:00,2022-12-01T00:00:00.000+01:00
BARAJAS,2103,CASCO H.BARAJAS,21020,20,51,9,10,1,2,2022-12-20T11:03:25.577+01:00,2022-12-01T00:00:00.000+01:00,2022-12-01T00:00:00.000+01:00
BARAJAS,2103,CASCO H.BARAJAS,21020,20,56,11,10,5,4,2022-12-20T11:03:25.577+01:00,2022-12-01T00:00:00.000+01:00,2022-12-01T00:00:00.000+01:00
BARAJAS,2103,CASCO H.BARAJAS,21020,20,69,8,8,0,0,2022-12-20T11:03:25.577+01:00,2022-12-01T00:00:00.000+01:00,2022-12-01T00:00:00.000+01:00
BARAJAS,2103,CASCO H.BARAJAS,21020,20,71,7,5,1,0,2022-12-20T11:03:25.577+01:00,2022-12-01T00:00:00.000+01:00,2022-12-01T00:00:00.000+01:00
BARAJAS,2103,CASCO H.BARAJAS,21020,20,72,8,8,0,0,2022-12-20T11:03:25.577+01:00,2022-12-01T00:00:00.000+01:00,2022-12-01T00:00:00.000+01:00
BARAJAS,2103,CASCO H.BARAJAS,21020,20,82,9,10,0,0,2022-12-20T11:03:25.577+01:00,2022-12-01T00:00:00.000+01:00,2022-12-01T00:00:00.000+01:00
BARAJAS,2103,CASCO H.BARAJAS,21020,20,88,6,7,0,0,2022-12-20T11:03:25.577+01:00,2022-12-01T00:00:00.000+01:00,2022-12-01T00:00:00.000+01:00
BARAJAS,2103,CASCO H.BARAJAS,21020,20,91,2,8,0,0,2022-12-20T11:03:25.577+01:00,2022-12-01T00:00:00.000+01:00,2022-12-01T00:00:00.000+01:00
BARAJAS,2103,CASCO H.BARAJAS,21020,20,97,0,2,0,0,2022-12-20T11:03:25.577+01:00,2022-12-01T00:00:00.000+01:00,2022-12-01T00:00:00.000+01:00
BARAJAS,2103,CASCO H.BARAJAS,21021,21,0,1,3,1,0,2022-12-20T11:03:25.577+01:00,2022-12-01T00:00:00.000+01:00,2022-12-01T00:00:00.000+01:00
BARAJAS,2103,CASCO H.BARAJAS,21021,21,1,7,2,2,0,2022-12-20T11:03:25.577+01:00,2022-12-01T00:00:00.000+01:00,2022-12-01T00:00:00.000+01:00
BARAJAS,2103,CASCO H.BARAJAS,21021,21,2,4,5,1,0,2022-12-20T11:03:25.577+01:00,2022-12-01T00:00:00.000+01:00,2022-12-01T00:00:00.000+01:00
BARAJAS,2103,CASCO H.BARAJAS,21021,21,3,7,5,1,1,2022-12-20T11:03:25.577+01:00,2022-12-01T00:00:00.000+01:00,2022-12-01T00:00:00.000+01:00
BARAJAS,2103,CASCO H.BARAJAS,21021,21,8,9,2,0,0,2022-12-20T11:03:25.577+01:00,2022-12-01T00:00:00.000+01:00,2022-12-01T00:00:00.000+01:00
BARAJAS,2103,CASCO H.BARAJAS,21021,21,18,5,3,2,0,2022-12-20T11:03:25.577+01:00,2022-12-01T00:00:00.000+01:00,2022-12-01T00:00:00.000+01:00
BARAJAS,2103,CASCO H.BARAJAS,21021,21,20,7,6,1,2,2022-12-20T11:03:25.577+01:00,2022-12-01T00:00:00.000+01:00,2022-12-01T00:00:00.000+01:00
BARAJAS,2103,CASCO H.BARAJAS,21021,21,33,8,11,4,6,2022-12-20T11:03:25.577+01:00,2022-12-01T00:00:00.000+01:00,2022-12-01T00:00:00.000+01:00
BARAJAS,2103,CASCO H.BARAJAS,21021,21,36,8,10,2,3,2022-12-20T11:03:25.577+01:00,2022-12-01T00:00:00.000+01:00,2022-12-01T00:00:00.000+01:00
BARAJAS,2103,CASCO H.BARAJAS,21021,21,43,6,6,4,3,2022-12-20T11:03:25.577+01:00,2022-12-01T00:00:00.000+01:00,2022-12-01T00:00:00.000+01:00
BARAJAS,2103,CASCO H.BARAJAS,21021,21,56,12,3,2,0,2022-12-20T11:03:25.577+01:00,2022-12-01T00:00:00.000+01:00,2022-12-01T00:00:00.000+01:00
BARAJAS,2103,CASCO H.BARAJAS,21021,21,60,8,10,1,0,2022-12-20T11:03:25.577+01:00,2022-12-01T00:00:00.000+01:00,2022-12-01T00:00:00.000+01:00
BARAJAS,2103,CASCO H.BARAJAS,21021,21,68,6,11,1,0,2022-12-20T11:03:25.577+01:00,2022-12-01T00:00:00.000+01:00,2022-12-01T00:00:00.000+01:00
BARAJAS,2103,CASCO H.BARAJAS,21021,21,81,2,4,0,0,2022-12-20T11:03:25.577+01:00,2022-12-01T00:00:00.000+01:00,2022-12-01T00:00:00.000+01:00
BARAJAS,2103,CASCO H.BARAJAS,21021,21,82,1,4,0,0,2022-12-20T11:03:25.577+01:00,2022-12-01T00:00:00.000+01:00,2022-12-01T00:00:00.000+01:00
BARAJAS,2103,CASCO H.BARAJAS,21021,21,89,3,1,0,0,2022-12-20T11:03:25.577+01:00,2022-12-01T00:00:00.000+01:00,2022-12-01T00:00:00.000+01:00
BARAJAS,2103,CASCO H.BARAJAS,21021,21,91,1,2,0,1,2022-12-20T11:03:25.577+01:00,2022-12-01T00:00:00.000+01:00,2022-12-01T00:00:00.000+01:00
BARAJAS,2103,CASCO H.BARAJAS,21017,17,0,5,5,0,1,2022-12-20T11:03:25.617+01:00,2022-12-01T00:00:00.000+01:00,2022-12-01T00:00:00.000+01:00
BARAJAS,2103,CASCO H.BARAJAS,21017,17,3,6,4,1,0,2022-12-20T11:03:25.617+01:00,2022-12-01T00:00:00.000+01:00,2022-12-01T00:00:00.000+01:00
BARAJAS,2103,CASCO H.BARAJAS,21017,17,12,6,4,0,0,2022-12-20T11:03:25.617+01:00,2022-12-01T00:00:00.000+01:00,2022-12-01T00:00:00.000+01:00
BARAJAS,2103,CASCO H.BARAJAS,21017,17,15,4,3,0,0,2022-12-20T11:03:25.617+01:00,2022-12-01T00:00:00.000+01:00,2022-12-01T00:00:00.000+01:00
BARAJAS,2103,CASCO H.BARAJAS,21017,17,16,2,3,1,1,2022-12-20T11:03:25.617+01:00,2022-12-01T00:00:00.000+01:00,2022-12-01T00:00:00.000+01:00
BARAJAS,2103,CASCO H.BARAJAS,21017,17,17,4,2,0,1,2022-12-20T11:03:25.617+01:00,2022-12-01T00:00:00.000+01:00,2022-12-01T00:00:00.000+01:00
BARAJAS,2103,CASCO H.BARAJAS,21017,17,18,6,2,0,4,2022-12-20T11:03:25.617+01:00,2022-12-01T00:00:00.000+01:00,2022-12-01T00:00:00.000+01:00
BARAJAS,2103,CASCO H.BARAJAS,21017,17,19,2,2,1,2,2022-12-20T11:03:25.617+01:00,2022-12-01T00:00:00.000+01:00,2022-12-01T00:00:00.000+01:00
BARAJAS,2103,CASCO H.BARAJAS,21017,17,26,7,4,2,3,2022-12-20T11:03:25.617+01:00,2022-12-01T00:00:00.000+01:00,2022-12-01T00:00:00.000+01:00
BARAJAS,2103,CASCO H.BARAJAS,21017,17,28,10,9,3,5,2022-12-20T11:03:25.617+01:00,2022-12-01T00:00:00.000+01:00,2022-12-01T00:00:00.000+01:00
BARAJAS,2103,CASCO H.BARAJAS,21017,17,30,10,10,1,4,2022-12-20T11:03:25.617+01:00,2022-12-01T00:00:00.000+01:00,2022-12-01T00:00:00.000+01:00
BARAJAS,2103,CASCO H.BARAJAS,21017,17,40,6,10,3,2,2022-12-20T11:03:25.617+01:00,2022-12-01T00:00:00.000+01:00,2022-12-01T00:00:00.000+01:00
BARAJAS,2103,CASCO H.BARAJAS,21017,17,42,9,5,0,3,2022-12-20T11:03:25.617+01:00,2022-12-01T00:00:00.000+01:00,2022-12-01T00:00:00.000+01:00
BARAJAS,2103,CASCO H.BARAJAS,21017,17,44,9,11,2,2,2022-12-20T11:03:25.617+01:00,2022-12-01T00:00:00.000+01:00,2022-12-01T00:00:00.000+01:00
BARAJAS,2103,CASCO H.BARAJAS,21017,17,48,9,8,0,4,2022-12-20T11:03:25.617+01:00,2022-12-01T00:00:00.000+01:00,2022-12-01T00:00:00.000+01:00
BARAJAS,2103,CASCO H.BARAJAS,21017,17,51,10,13,1,0,2022-12-20T11:03:25.617+01:00,2022-12-01T00:00:00.000+01:00,2022-12-01T00:00:00.000+01:00
BARAJAS,2103,CASCO H.BARAJAS,21017,17,57,12,13,3,2,2022-12-20T11:03:25.617+01:00,2022-12-01T00:00:00.000+01:00,2022-12-01T00:00:00.000+01:00
BARAJAS,2103,CASCO H.BARAJAS,21017,17,58,5,9,1,4,2022-12-20T11:03:25.617+01:00,2022-12-01T00:00:00.000+01:00,2022-12-01T00:00:00.000+01:00
BARAJAS,2103,CASCO H.BARAJAS,21017,17,64,9,7,0,2,2022-12-20T11:03:25.617+01:00,2022-12-01T00:00:00.000+01:00,2022-12-01T00:00:00.000+01:00
BARAJAS,2103,CASCO H.BARAJAS,21017,17,65,6,12,2,0,2022-12-20T11:03:25.617+01:00,2022-12-01T00:00:00.000+01:00,2022-12-01T00:00:00.000+01:00
BARAJAS,2103,CASCO H.BARAJAS,21017,17,66,14,12,0,0,2022-12-20T11:03:25.617+01:00,2022-12-01T00:00:00.000+01:00,2022-12-01T00:00:00.000+01:00
BARAJAS,2103,CASCO H.BARAJAS,21017,17,68,13,5,0,0,2022-12-20T11:03:25.617+01:00,2022-12-01T00:00:00.000+01:00,2022-12-01T00:00:00.000+01:00
BARAJAS,2103,CASCO H.BARAJAS,21017,17,69,8,4,1,0,2022-12-20T11:03:25.617+01:00,2022-12-01T00:00:00.000+01:00,2022-12-01T00:00:00.000+01:00
BARAJAS,2103,CASCO H.BARAJAS,21017,17,74,6,7,0,1,2022-12-20T11:03:25.617+01:00,2022-12-01T00:00:00.000+01:00,2022-12-01T00:00:00.000+01:00
BARAJAS,2103,CASCO H.BARAJAS,21017,17,77,2,2,0,1,2022-12-20T11:03:25.617+01:00,2022-12-01T00:00:00.000+01:00,2022-12-01T00:00:00.000+01:00
BARAJAS,2103,CASCO H.BARAJAS,21017,17,81,4,4,0,0,2022-12-20T11:03:25.617+01:00,2022-12-01T00:00:00.000+01:00,2022-12-01T00:00:00.000+01:00
BARAJAS,2103,CASCO H.BARAJAS,21017,17,87,1,1,0,0,2022-12-20T11:03:25.617+01:00,2022-12-01T00:00:00.000+01:00,2022-12-01T00:00:00.000+01:00
BARAJAS,2103,CASCO H.BARAJAS,21017,17,91,4,4,0,0,2022-12-20T11:03:25.617+01:00,2022-12-01T00:00:00.000+01:00,2022-12-01T00:00:00.000+01:00
BARAJAS,2103,CASCO H.BARAJAS,21018,18,5,5,4,2,0,2022-12-20T11:03:25.617+01:00,2022-12-01T00:00:00.000+01:00,2022-12-01T00:00:00.000+01:00
BARAJAS,2103,CASCO H.BARAJAS,21018,18,6,6,4,1,1,2022-12-20T11:03:25.617+01:00,2022-12-01T00:00:00.000+01:00,2022-12-01T00:00:00.000+01:00
BARAJAS,2103,CASCO H.BARAJAS,21018,18,7,6,3,2,3,2022-12-20T11:03:25.617+01:00,2022-12-01T00:00:00.000+01:00,2022-12-01T00:00:00.000+01:00
BARAJAS,2103,CASCO H.BARAJAS,21018,18,11,1,5,0,0,2022-12-20T11:03:25.617+01:00,2022-12-01T00:00:00.000+01:00,2022-12-01T00:00:00.000+01:00
BARAJAS,2103,CASCO H.BARAJAS,21018,18,17,9,9,1,1,2022-12-20T11:03:25.617+01:00,2022-12-01T00:00:00.000+01:00,2022-12-01T00:00:00.000+01:00
BARAJAS,2103,CASCO H.BARAJAS,21018,18,21,6,4,2,1,2022-12-20T11:03:25.617+01:00,2022-12-01T00:00:00.000+01:00,2022-12-01T00:00:00.000+01:00
BARAJAS,2103,CASCO H.BARAJAS,21018,18,22,3,2,1,3,2022-12-20T11:03:25.617+01:00,2022-12-01T00:00:00.000+01:00,2022-12-01T00:00:00.000+01:00
BARAJAS,2103,CASCO H.BARAJAS,21018,18,25,7,6,6,3,2022-12-20T11:03:25.617+01:00,2022-12-01T00:00:00.000+01:00,2022-12-01T00:00:00.000+01:00
BARAJAS,2103,CASCO H.BARAJAS,21018,18,37,6,12,5,6,2022-12-20T11:03:25.617+01:00,2022-12-01T00:00:00.000+01:00,2022-12-01T00:00:00.000+01:00
BARAJAS,2103,CASCO H.BARAJAS,21018,18,39,12,7,6,5,2022-12-20T11:03:25.617+01:00,2022-12-01T00:00:00.000+01:00,2022-12-01T00:00:00.000+01:00
BARAJAS,2103,CASCO H.BARAJAS,21018,18,40,7,10,2,4,2022-12-20T11:03:25.617+01:00,2022-12-01T00:00:00.000+01:00,2022-12-01T00:00:00.000+01:00
BARAJAS,2103,CASCO H.BARAJAS,21018,18,42,10,13,7,7,2022-12-20T11:03:25.617+01:00,2022-12-01T00:00:00.000+01:00,2022-12-01T00:00:00.000+01:00
BARAJAS,2103,CASCO H.BARAJAS,21018,18,43,12,6,5,3,2022-12-20T11:03:25.617+01:00,2022-12-01T00:00:00.000+01:00,2022-12-01T00:00:00.000+01:00
BARAJAS,2103,CASCO H.BARAJAS,21018,18,45,8,9,2,2,2022-12-20T11:03:25.617+01:00,2022-12-01T00:00:00.000+01:00,2022-12-01T00:00:00.000+01:00
BARAJAS,2103,CASCO H.BARAJAS,21018,18,53,8,4,2,0,2022-12-20T11:03:25.617+01:00,2022-12-01T00:00:00.000+01:00,2022-12-01T00:00:00.000+01:00
BARAJAS,2103,CASCO H.BARAJAS,21018,18,54,12,9,2,2,2022-12-20T11:03:25.617+01:00,2022-12-01T00:00:00.000+01:00,2022-12-01T00:00:00.000+01:00
BARAJAS,2103,CASCO H.BARAJAS,21018,18,59,7,10,1,2,2022-12-20T11:03:25.617+01:00,2022-12-01T00:00:00.000+01:00,2022-12-01T00:00:00.000+01:00
BARAJAS,2103,CASCO H.BARAJAS,21018,18,64,8,7,1,0,2022-12-20T11:03:25.617+01:00,2022-12-01T00:00:00.000+01:00,2022-12-01T00:00:00.000+01:00
BARAJAS,2103,CASCO H.BARAJAS,21018,18,66,5,9,1,1,2022-12-20T11:03:25.617+01:00,2022-12-01T00:00:00.000+01:00,2022-12-01T00:00:00.000+01:00
BARAJAS,2103,CASCO H.BARAJAS,21018,18,67,4,9,0,3,2022-12-20T11:03:25.617+01:00,2022-12-01T00:00:00.000+01:00,2022-12-01T00:00:00.000+01:00
BARAJAS,2103,CASCO H.BARAJAS,21018,18,72,4,3,1,0,2022-12-20T11:03:25.617+01:00,2022-12-01T00:00:00.000+01:00,2022-12-01T00:00:00.000+01:00
BARAJAS,2103,CASCO H.BARAJAS,21018,18,73,5,13,0,0,2022-12-20T11:03:25.617+01:00,2022-12-01T00:00:00.000+01:00,2022-12-01T00:00:00.000+01:00
BARAJAS,2103,CASCO H.BARAJAS,21018,18,76,3,2,0,0,2022-12-20T11:03:25.617+01:00,2022-12-01T00:00:00.000+01:00,2022-12-01T00:00:00.000+01:00
BARAJAS,2103,CASCO H.BARAJAS,21018,18,77,7,8,0,1,2022-12-20T11:03:25.617+01:00,2022-12-01T00:00:00.000+01:00,2022-12-01T00:00:00.000+01:00
BARAJAS,2103,CASCO H.BARAJAS,21018,18,78,5,9,1,0,2022-12-20T11:03:25.617+01:00,2022-12-01T00:00:00.000+01:00,2022-12-01T00:00:00.000+01:00
BARAJAS,2103,CASCO H.BARAJAS,21018,18,81,4,9,0,0,2022-12-20T11:03:25.617+01:00,2022-12-01T00:00:00.000+01:00,2022-12-01T00:00:00.000+01:00
BARAJAS,2103,CASCO H.BARAJAS,21018,18,82,3,9,0,0,2022-12-20T11:03:25.617+01:00,2022-12-01T00:00:00.000+01:00,2022-12-01T00:00:00.000+01:00
BARAJAS,2103,CASCO H.BARAJAS,21018,18,85,3,3,0,0,2022-12-20T11:03:25.617+01:00,2022-12-01T00:00:00.000+01:00,2022-12-01T00:00:00.000+01:00
BARAJAS,2103,CASCO H.BARAJAS,21018,18,89,3,6,0,1,2022-12-20T11:03:25.617+01:00,2022-12-01T00:00:00.000+01:00,2022-12-01T00:00:00.000+01:00
BARAJAS,2103,CASCO H.BARAJAS,21018,18,90,3,4,0,0,2022-12-20T11:03:25.617+01:00,2022-12-01T00:00:00.000+01:00,2022-12-01T00:00:00.000+01:00
BARAJAS,2103,CASCO H.BARAJAS,21018,18,91,2,1,0,0,2022-12-20T11:03:25.617+01:00,2022-12-01T00:00:00.000+01:00,2022-12-01T00:00:00.000+01:00
BARAJAS,2103,CASCO H.BARAJAS,21018,18,94,1,2,0,0,2022-12-20T11:03:25.617+01:00,2022-12-01T00:00:00.000+01:00,2022-12-01T00:00:00.000+01:00
BARAJAS,2103,CASCO H.BARAJAS,21018,18,95,0,1,0,1,2022-12-20T11:03:25.617+01:00,2022-12-01T00:00:00.000+01:00,2022-12-01T00:00:00.000+01:00
BARAJAS,2103,CASCO H.BARAJAS,21018,18,110,0,1,0,0,2022-12-20T11:03:25.617+01:00,2022-12-01T00:00:00.000+01:00,2022-12-01T00:00:00.000+01:00
BARAJAS,2103,CASCO H.BARAJAS,21019,19,1,7,6,0,1,2022-12-20T11:03:25.617+01:00,2022-12-01T00:00:00.000+01:00,2022-12-01T00:00:00.000+01:00
BARAJAS,2103,CASCO H.BARAJAS,21019,19,23,3,3,1,3,2022-12-20T11:03:25.617+01:00,2022-12-01T00:00:00.000+01:00,2022-12-01T00:00:00.000+01:00
BARAJAS,2103,CASCO H.BARAJAS,21019,19,27,5,6,1,4,2022-12-20T11:03:25.617+01:00,2022-12-01T00:00:00.000+01:00,2022-12-01T00:00:00.000+01:00
BARAJAS,2103,CASCO H.BARAJAS,21019,19,33,18,14,6,4,2022-12-20T11:03:25.617+01:00,2022-12-01T00:00:00.000+01:00,2022-12-01T00:00:00.000+01:00
BARAJAS,2103,CASCO H.BARAJAS,21019,19,40,6,7,4,5,2022-12-20T11:03:25.617+01:00,2022-12-01T00:00:00.000+01:00,2022-12-01T00:00:00.000+01:00
BARAJAS,2103,CASCO H.BARAJAS,21019,19,43,11,6,0,3,2022-12-20T11:03:25.617+01:00,2022-12-01T00:00:00.000+01:00,2022-12-01T00:00:00.000+01:00
BARAJAS,2103,CASCO H.BARAJAS,21019,19,44,12,5,6,5,2022-12-20T11:03:25.617+01:00,2022-12-01T00:00:00.000+01:00,2022-12-01T00:00:00.000+01:00
BARAJAS,2103,CASCO H.BARAJAS,21019,19,45,6,3,5,3,2022-12-20T11:03:25.617+01:00,2022-12-01T00:00:00.000+01:00,2022-12-01T00:00:00.000+01:00
BARAJAS,2103,CASCO H.BARAJAS,21019,19,46,10,14,0,3,2022-12-20T11:03:25.617+01:00,2022-12-01T00:00:00.000+01:00,2022-12-01T00:00:00.000+01:00
BARAJAS,2103,CASCO H.BARAJAS,21019,19,59,5,10,0,2,2022-12-20T11:03:25.617+01:00,2022-12-01T00:00:00.000+01:00,2022-12-01T00:00:00.000+01:00
BARAJAS,2103,CASCO H.BARAJAS,21019,19,60,3,6,0,1,2022-12-20T11:03:25.617+01:00,2022-12-01T00:00:00.000+01:00,2022-12-01T00:00:00.000+01:00
BARAJAS,2103,CASCO H.BARAJAS,21019,19,71,2,4,0,0,2022-12-20T11:03:25.617+01:00,2022-12-01T00:00:00.000+01:00,2022-12-01T00:00:00.000+01:00
BARAJAS,2103,CASCO H.BARAJAS,21019,19,80,4,4,0,1,2022-12-20T11:03:25.617+01:00,2022-12-01T00:00:00.000+01:00,2022-12-01T00:00:00.000+01:00
BARAJAS,2103,CASCO H.BARAJAS,21019,19,83,2,2,0,0,2022-12-20T11:03:25.617+01:00,2022-12-01T00:00:00.000+01:00,2022-12-01T00:00:00.000+01:00
BARAJAS,2103,CASCO H.BARAJAS,21019,19,88,3,2,0,0,2022-12-20T11:03:25.617+01:00,2022-12-01T00:00:00.000+01:00,2022-12-01T00:00:00.000+01:00
BARAJAS,2103,CASCO H.BARAJAS,21019,19,91,1,1,0,0,2022-12-20T11:03:25.617+01:00,2022-12-01T00:00:00.000+01:00,2022-12-01T00:00:00.000+01:00
BARAJAS,2103,CASCO H.BARAJAS,21020,20,1,5,9,2,0,2022-12-20T11:03:25.617+01:00,2022-12-01T00:00:00.000+01:00,2022-12-01T00:00:00.000+01:00
BARAJAS,2103,CASCO H.BARAJAS,21020,20,7,0,4,0,1,2022-12-20T11:03:25.617+01:00,2022-12-01T00:00:00.000+01:00,2022-12-01T00:00:00.000+01:00
BARAJAS,2103,CASCO H.BARAJAS,21020,20,16,6,5,3,0,2022-12-20T11:03:25.617+01:00,2022-12-01T00:00:00.000+01:00,2022-12-01T00:00:00.000+01:00
BARAJAS,2103,CASCO H.BARAJAS,21020,20,17,5,3,2,2,2022-12-20T11:03:25.617+01:00,2022-12-01T00:00:00.000+01:00,2022-12-01T00:00:00.000+01:00
BARAJAS,2103,CASCO H.BARAJAS,21020,20,19,1,7,1,1,2022-12-20T11:03:25.617+01:00,2022-12-01T00:00:00.000+01:00,2022-12-01T00:00:00.000+01:00
BARAJAS,2103,CASCO H.BARAJAS,21020,20,21,6,5,1,2,2022-12-20T11:03:25.617+01:00,2022-12-01T00:00:00.000+01:00,2022-12-01T00:00:00.000+01:00
BARAJAS,2103,CASCO H.BARAJAS,21020,20,22,2,5,1,2,2022-12-20T11:03:25.617+01:00,2022-12-01T00:00:00.000+01:00,2022-12-01T00:00:00.000+01:00
BARAJAS,2103,CASCO H.BARAJAS,21020,20,26,4,6,2,4,2022-12-20T11:03:25.617+01:00,2022-12-01T00:00:00.000+01:00,2022-12-01T00:00:00.000+01:00
BARAJAS,2103,CASCO H.BARAJAS,21020,20,27,7,7,1,3,2022-12-20T11:03:25.617+01:00,2022-12-01T00:00:00.000+01:00,2022-12-01T00:00:00.000+01:00
BARAJAS,2103,CASCO H.BARAJAS,21020,20,30,8,13,6,7,2022-12-20T11:03:25.617+01:00,2022-12-01T00:00:00.000+01:00,2022-12-01T00:00:00.000+01:00
BARAJAS,2103,CASCO H.BARAJAS,21020,20,31,14,11,5,6,2022-12-20T11:03:25.617+01:00,2022-12-01T00:00:00.000+01:00,2022-12-01T00:00:00.000+01:00
BARAJAS,2103,CASCO H.BARAJAS,21020,20,34,10,14,7,6,2022-12-20T11:03:25.617+01:00,2022-12-01T00:00:00.000+01:00,2022-12-01T00:00:00.000+01:00
BARAJAS,2103,CASCO H.BARAJAS,21020,20,40,18,10,1,5,2022-12-20T11:03:25.617+01:00,2022-12-01T00:00:00.000+01:00,2022-12-01T00:00:00.000+01:00
BARAJAS,2103,CASCO H.BARAJAS,21020,20,42,11,13,3,5,2022-12-20T11:03:25.617+01:00,2022-12-01T00:00:00.000+01:00,2022-12-01T00:00:00.000+01:00
BARAJAS,2103,CASCO H.BARAJAS,21020,20,45,12,11,4,5,2022-12-20T11:03:25.617+01:00,2022-12-01T00:00:00.000+01:00,2022-12-01T00:00:00.000+01:00
BARAJAS,2103,CASCO H.BARAJAS,21020,20,47,15,10,4,1,2022-12-20T11:03:25.617+01:00,2022-12-01T00:00:00.000+01:00,2022-12-01T00:00:00.000+01:00
BARAJAS,2103,CASCO H.BARAJAS,21020,20,48,5,16,3,2,2022-12-20T11:03:25.617+01:00,2022-12-01T00:00:00.000+01:00,2022-12-01T00:00:00.000+01:00
BARAJAS,2103,CASCO H.BARAJAS,21020,20,60,4,9,3,1,2022-12-20T11:03:25.617+01:00,2022-12-01T00:00:00.000+01:00,2022-12-01T00:00:00.000+01:00
BARAJAS,2103,CASCO H.BARAJAS,21020,20,63,10,14,2,1,2022-12-20T11:03:25.617+01:00,2022-12-01T00:00:00.000+01:00,2022-12-01T00:00:00.000+01:00
BARAJAS,2103,CASCO H.BARAJAS,21020,20,64,9,7,0,1,2022-12-20T11:03:25.617+01:00,2022-12-01T00:00:00.000+01:00,2022-12-01T00:00:00.000+01:00
BARAJAS,2103,CASCO H.BARAJAS,21020,20,66,16,20,0,0,2022-12-20T11:03:25.617+01:00,2022-12-01T00:00:00.000+01:00,2022-12-01T00:00:00.000+01:00
BARAJAS,2103,CASCO H.BARAJAS,21020,20,68,16,8,0,0,2022-12-20T11:03:25.617+01:00,2022-12-01T00:00:00.000+01:00,2022-12-01T00:00:00.000+01:00
BARAJAS,2103,CASCO H.BARAJAS,21020,20,73,8,12,0,1,2022-12-20T11:03:25.617+01:00,2022-12-01T00:00:00.000+01:00,2022-12-01T00:00:00.000+01:00
BARAJAS,2103,CASCO H.BARAJAS,21020,20,74,4,10,1,1,2022-12-20T11:03:25.617+01:00,2022-12-01T00:00:00.000+01:00,2022-12-01T00:00:00.000+01:00
BARAJAS,2103,CASCO H.BARAJAS,21020,20,77,9,6,0,0,2022-12-20T11:03:25.617+01:00,2022-12-01T00:00:00.000+01:00,2022-12-01T00:00:00.000+01:00
BARAJAS,2103,CASCO H.BARAJAS,21020,20,78,7,8,0,1,2022-12-20T11:03:25.617+01:00,2022-12-01T00:00:00.000+01:00,2022-12-01T00:00:00.000+01:00
BARAJAS,2103,CASCO H.BARAJAS,21020,20,79,7,9,0,0,2022-12-20T11:03:25.617+01:00,2022-12-01T00:00:00.000+01:00,2022-12-01T00:00:00.000+01:00
BARAJAS,2103,CASCO H.BARAJAS,21020,20,80,4,5,0,0,2022-12-20T11:03:25.617+01:00,2022-12-01T00:00:00.000+01:00,2022-12-01T00:00:00.000+01:00
BARAJAS,2103,CASCO H.BARAJAS,21020,20,81,0,6,0,0,2022-12-20T11:03:25.617+01:00,2022-12-01T00:00:00.000+01:00,2022-12-01T00:00:00.000+01:00
BARAJAS,2103,CASCO H.BARAJAS,21020,20,84,6,2,0,0,2022-12-20T11:03:25.617+01:00,2022-12-01T00:00:00.000+01:00,2022-12-01T00:00:00.000+01:00
BARAJAS,2103,CASCO H.BARAJAS,21020,20,89,2,1,0,0,2022-12-20T11:03:25.617+01:00,2022-12-01T00:00:00.000+01:00,2022-12-01T00:00:00.000+01:00
BARAJAS,2103,CASCO H.BARAJAS,21020,20,99,1,0,0,0,2022-12-20T11:03:25.617+01:00,2022-12-01T00:00:00.000+01:00,2022-12-01T00:00:00.000+01:00
BARAJAS,2103,CASCO H.BARAJAS,21021,21,5,3,3,1,1,2022-12-20T11:03:25.617+01:00,2022-12-01T00:00:00.000+01:00,2022-12-01T00:00:00.000+01:00
BARAJAS,2103,CASCO H.BARAJAS,21021,21,6,2,5,0,1,2022-12-20T11:03:25.617+01:00,2022-12-01T00:00:00.000+01:00,2022-12-01T00:00:00.000+01:00
BARAJAS,2103,CASCO H.BARAJAS,21021,21,9,4,2,0,0,2022-12-20T11:03:25.617+01:00,2022-12-01T00:00:00.000+01:00,2022-12-01T00:00:00.000+01:00
BARAJAS,2103,CASCO H.BARAJAS,21021,21,12,4,4,4,0,2022-12-20T11:03:25.617+01:00,2022-12-01T00:00:00.000+01:00,2022-12-01T00:00:00.000+01:00
BARAJAS,2103,CASCO H.BARAJAS,21021,21,25,5,10,3,0,2022-12-20T11:03:25.617+01:00,2022-12-01T00:00:00.000+01:00,2022-12-01T00:00:00.000+01:00
BARAJAS,2103,CASCO H.BARAJAS,21021,21,27,3,6,3,3,2022-12-20T11:03:25.617+01:00,2022-12-01T00:00:00.000+01:00,2022-12-01T00:00:00.000+01:00
BARAJAS,2103,CASCO H.BARAJAS,21021,21,28,2,6,1,5,2022-12-20T11:03:25.617+01:00,2022-12-01T00:00:00.000+01:00,2022-12-01T00:00:00.000+01:00
BARAJAS,2103,CASCO H.BARAJAS,21021,21,29,3,6,2,2,2022-12-20T11:03:25.617+01:00,2022-12-01T00:00:00.000+01:00,2022-12-01T00:00:00.000+01:00
BARAJAS,2103,CASCO H.BARAJAS,21021,21,32,5,7,4,4,2022-12-20T11:03:25.617+01:00,2022-12-01T00:00:00.000+01:00,2022-12-01T00:00:00.000+01:00
BARAJAS,2103,CASCO H.BARAJAS,21021,21,46,11,7,2,5,2022-12-20T11:03:25.617+01:00,2022-12-01T00:00:00.000+01:00,2022-12-01T00:00:00.000+01:00
BARAJAS,2103,CASCO H.BARAJAS,21021,21,47,7,10,0,8,2022-12-20T11:03:25.617+01:00,2022-12-01T00:00:00.000+01:00,2022-12-01T00:00:00.000+01:00
BARAJAS,2103,CASCO H.BARAJAS,21021,21,48,7,12,6,4,2022-12-20T11:03:25.617+01:00,2022-12-01T00:00:00.000+01:00,2022-12-01T00:00:00.000+01:00
BARAJAS,2103,CASCO H.BARAJAS,21021,21,55,6,8,4,1,2022-12-20T11:03:25.617+01:00,2022-12-01T00:00:00.000+01:00,2022-12-01T00:00:00.000+01:00
BARAJAS,2103,CASCO H.BARAJAS,21021,21,62,6,14,0,3,2022-12-20T11:03:25.617+01:00,2022-12-01T00:00:00.000+01:00,2022-12-01T00:00:00.000+01:00
BARAJAS,2103,CASCO H.BARAJAS,21021,21,63,7,12,1,1,2022-12-20T11:03:25.617+01:00,2022-12-01T00:00:00.000+01:00,2022-12-01T00:00:00.000+01:00
BARAJAS,2103,CASCO H.BARAJAS,21021,21,65,11,10,0,0,2022-12-20T11:03:25.617+01:00,2022-12-01T00:00:00.000+01:00,2022-12-01T00:00:00.000+01:00
BARAJAS,2103,CASCO H.BARAJAS,21021,21,66,6,4,0,0,2022-12-20T11:03:25.617+01:00,2022-12-01T00:00:00.000+01:00,2022-12-01T00:00:00.000+01:00
BARAJAS,2103,CASCO H.BARAJAS,21021,21,85,3,1,0,0,2022-12-20T11:03:25.617+01:00,2022-12-01T00:00:00.000+01:00,2022-12-01T00:00:00.000+01:00
BARAJAS,2103,CASCO H.BARAJAS,21021,21,102,0,1,0,0,2022-12-20T11:03:25.617+01:00,2022-12-01T00:00:00.000+01:00,2022-12-01T00:00:00.000+01:00
BARAJAS,2103,CASCO H.BARAJAS,21017,17,2,3,3,0,1,2022-12-20T11:03:25.870+01:00,2022-12-01T00:00:00.000+01:00,2022-12-01T00:00:00.000+01:00
BARAJAS,2103,CASCO H.BARAJAS,21017,17,7,7,1,1,2,2022-12-20T11:03:25.870+01:00,2022-12-01T00:00:00.000+01:00,2022-12-01T00:00:00.000+01:00
BARAJAS,2103,CASCO H.BARAJAS,21017,17,8,4,2,0,2,2022-12-20T11:03:25.870+01:00,2022-12-01T00:00:00.000+01:00,2022-12-01T00:00:00.000+01:00
BARAJAS,2103,CASCO H.BARAJAS,21017,17,10,3,2,2,1,2022-12-20T11:03:25.870+01:00,2022-12-01T00:00:00.000+01:00,2022-12-01T00:00:00.000+01:00
BARAJAS,2103,CASCO H.BARAJAS,21017,17,13,4,3,3,1,2022-12-20T11:03:25.870+01:00,2022-12-01T00:00:00.000+01:00,2022-12-01T00:00:00.000+01:00
BARAJAS,2103,CASCO H.BARAJAS,21017,17,20,3,3,2,3,2022-12-20T11:03:25.870+01:00,2022-12-01T00:00:00.000+01:00,2022-12-01T00:00:00.000+01:00
BARAJAS,2103,CASCO H.BARAJAS,21017,17,23,4,8,3,2,2022-12-20T11:03:25.870+01:00,2022-12-01T00:00:00.000+01:00,2022-12-01T00:00:00.000+01:00
BARAJAS,2103,CASCO H.BARAJAS,21017,17,31,8,9,4,4,2022-12-20T11:03:25.870+01:00,2022-12-01T00:00:00.000+01:00,2022-12-01T00:00:00.000+01:00
BARAJAS,2103,CASCO H.BARAJAS,21017,17,32,14,9,3,5,2022-12-20T11:03:25.870+01:00,2022-12-01T00:00:00.000+01:00,2022-12-01T00:00:00.000+01:00
BARAJAS,2103,CASCO H.BARAJAS,21017,17,38,12,7,2,1,2022-12-20T11:03:25.870+01:00,2022-12-01T00:00:00.000+01:00,2022-12-01T00:00:00.000+01:00
BARAJAS,2103,CASCO H.BARAJAS,21017,17,39,10,3,4,7,2022-12-20T11:03:25.870+01:00,2022-12-01T00:00:00.000+01:00,2022-12-01T00:00:00.000+01:00
BARAJAS,2103,CASCO H.BARAJAS,21017,17,41,6,11,1,7,2022-12-20T11:03:25.870+01:00,2022-12-01T00:00:00.000+01:00,2022-12-01T00:00:00.000+01:00
BARAJAS,2103,CASCO H.BARAJAS,21017,17,50,11,3,1,1,2022-12-20T11:03:25.870+01:00,2022-12-01T00:00:00.000+01:00,2022-12-01T00:00:00.000+01:00
BARAJAS,2103,CASCO H.BARAJAS,21017,17,53,6,4,1,5,2022-12-20T11:03:25.870+01:00,2022-12-01T00:00:00.000+01:00,2022-12-01T00:00:00.000+01:00
BARAJAS,2103,CASCO H.BARAJAS,21017,17,56,10,10,2,1,2022-12-20T11:03:25.870+01:00,2022-12-01T00:00:00.000+01:00,2022-12-01T00:00:00.000+01:00
BARAJAS,2103,CASCO H.BARAJAS,21017,17,62,13,14,2,1,2022-12-20T11:03:25.870+01:00,2022-12-01T00:00:00.000+01:00,2022-12-01T00:00:00.000+01:00
BARAJAS,2103,CASCO H.BARAJAS,21017,17,75,2,5,0,1,2022-12-20T11:03:25.870+01:00,2022-12-01T00:00:00.000+01:00,2022-12-01T00:00:00.000+01:00
BARAJAS,2103,CASCO H.BARAJAS,21017,17,78,5,8,0,0,2022-12-20T11:03:25.870+01:00,2022-12-01T00:00:00.000+01:00,2022-12-01T00:00:00.000+01:00
BARAJAS,2103,CASCO H.BARAJAS,21017,17,79,3,2,0,0,2022-12-20T11:03:25.870+01:00,2022-12-01T00:00:00.000+01:00,2022-12-01T00:00:00.000+01:00
BARAJAS,2103,CASCO H.BARAJAS,21017,17,82,4,5,0,0,2022-12-20T11:03:25.870+01:00,2022-12-01T00:00:00.000+01:00,2022-12-01T00:00:00.000+01:00
BARAJAS,2103,CASCO H.BARAJAS,21017,17,83,5,3,0,0,2022-12-20T11:03:25.870+01:00,2022-12-01T00:00:00.000+01:00,2022-12-01T00:00:00.000+01:00
BARAJAS,2103,CASCO H.BARAJAS,21017,17,88,5,7,0,0,2022-12-20T11:03:25.870+01:00,2022-12-01T00:00:00.000+01:00,2022-12-01T00:00:00.000+01:00
BARAJAS,2103,CASCO H.BARAJAS,21017,17,90,4,3,0,0,2022-12-20T11:03:25.870+01:00,2022-12-01T00:00:00.000+01:00,2022-12-01T00:00:00.000+01:00
BARAJAS,2103,CASCO H.BARAJAS,21018,18,0,5,2,1,2,2022-12-20T11:03:25.870+01:00,2022-12-01T00:00:00.000+01:00,2022-12-01T00:00:00.000+01:00
BARAJAS,2103,CASCO H.BARAJAS,21018,18,1,4,4,3,1,2022-12-20T11:03:25.870+01:00,2022-12-01T00:00:00.000+01:00,2022-12-01T00:00:00.000+01:00
BARAJAS,2103,CASCO H.BARAJAS,21018,18,2,2,6,1,2,2022-12-20T11:03:25.870+01:00,2022-12-01T00:00:00.000+01:00,2022-12-01T00:00:00.000+01:00
BARAJAS,2103,CASCO H.BARAJAS,21018,18,3,5,5,1,0,2022-12-20T11:03:25.870+01:00,2022-12-01T00:00:00.000+01:00,2022-12-01T00:00:00.000+01:00
BARAJAS,2103,CASCO H.BARAJAS,21018,18,12,2,3,1,1,2022-12-20T11:03:25.870+01:00,2022-12-01T00:00:00.000+01:00,2022-12-01T00:00:00.000+01:00
BARAJAS,2103,CASCO H.BARAJAS,21018,18,23,4,3,1,1,2022-12-20T11:03:25.870+01:00,2022-12-01T00:00:00.000+01:00,2022-12-01T00:00:00.000+01:00
BARAJAS,2103,CASCO H.BARAJAS,21018,18,24,6,4,3,5,2022-12-20T11:03:25.870+01:00,2022-12-01T00:00:00.000+01:00,2022-12-01T00:00:00.000+01:00
BARAJAS,2103,CASCO H.BARAJAS,21018,18,32,7,7,6,3,2022-12-20T11:03:25.870+01:00,2022-12-01T00:00:00.000+01:00,2022-12-01T00:00:00.000+01:00
BARAJAS,2103,CASCO H.BARAJAS,21018,18,33,11,6,5,3,2022-12-20T11:03:25.870+01:00,2022-12-01T00:00:00.000+01:00,2022-12-01T00:00:00.000+01:00
BARAJAS,2103,CASCO H.BARAJAS,21018,18,36,13,8,3,1,2022-12-20T11:03:25.870+01:00,2022-12-01T00:00:00.000+01:00,2022-12-01T00:00:00.000+01:00
BARAJAS,2103,CASCO H.BARAJAS,21018,18,52,9,8,3,2,2022-12-20T11:03:25.870+01:00,2022-12-01T00:00:00.000+01:00,2022-12-01T00:00:00.000+01:00
BARAJAS,2103,CASCO H.BARAJAS,21018,18,63,8,12,2,0,2022-12-20T11:03:25.870+01:00,2022-12-01T00:00:00.000+01:00,2022-12-01T00:00:00.000+01:00
BARAJAS,2103,CASCO H.BARAJAS,21018,18,65,5,6,0,0,2022-12-20T11:03:25.870+01:00,2022-12-01T00:00:00.000+01:00,2022-12-01T00:00:00.000+01:00
BARAJAS,2103,CASCO H.BARAJAS,21018,18,74,8,5,0,1,2022-12-20T11:03:25.870+01:00,2022-12-01T00:00:00.000+01:00,2022-12-01T00:00:00.000+01:00
BARAJAS,2103,CASCO H.BARAJAS,21018,18,84,5,3,0,0,2022-12-20T11:03:25.870+01:00,2022-12-01T00:00:00.000+01:00,2022-12-01T00:00:00.000+01:00
BARAJAS,2103,CASCO H.BARAJAS,21018,18,86,3,3,0,0,2022-12-20T11:03:25.870+01:00,2022-12-01T00:00:00.000+01:00,2022-12-01T00:00:00.000+01:00
BARAJAS,2103,CASCO H.BARAJAS,21019,19,6,4,5,2,0,2022-12-20T11:03:25.870+01:00,2022-12-01T00:00:00.000+01:00,2022-12-01T00:00:00.000+01:00
BARAJAS,2103,CASCO H.BARAJAS,21019,19,10,5,2,1,1,2022-12-20T11:03:25.870+01:00,2022-12-01T00:00:00.000+01:00,2022-12-01T00:00:00.000+01:00
BARAJAS,2103,CASCO H.BARAJAS,21019,19,21,4,6,1,3,2022-12-20T11:03:25.870+01:00,2022-12-01T00:00:00.000+01:00,2022-12-01T00:00:00.000+01:00
BARAJAS,2103,CASCO H.BARAJAS,21019,19,26,9,8,1,4,2022-12-20T11:03:25.870+01:00,2022-12-01T00:00:00.000+01:00,2022-12-01T00:00:00.000+01:00
BARAJAS,2103,CASCO H.BARAJAS,21019,19,32,5,8,7,5,2022-12-20T11:03:25.870+01:00,2022-12-01T00:00:00.000+01:00,2022-12-01T00:00:00.000+01:00
BARAJAS,2103,CASCO H.BARAJAS,21019,19,34,10,9,5,6,2022-12-20T11:03:25.870+01:00,2022-12-01T00:00:00.000+01:00,2022-12-01T00:00:00.000+01:00
BARAJAS,2103,CASCO H.BARAJAS,21019,19,36,13,11,2,2,2022-12-20T11:03:25.870+01:00,2022-12-01T00:00:00.000+01:00,2022-12-01T00:00:00.000+01:00
BARAJAS,2103,CASCO H.BARAJAS,21019,19,38,7,10,4,5,2022-12-20T11:03:25.870+01:00,2022-12-01T00:00:00.000+01:00,2022-12-01T00:00:00.000+01:00
BARAJAS,2103,CASCO H.BARAJAS,21019,19,39,8,11,3,3,2022-12-20T11:03:25.870+01:00,2022-12-01T00:00:00.000+01:00,2022-12-01T00:00:00.000+01:00
BARAJAS,2103,CASCO H.BARAJAS,21019,19,49,10,6,0,3,2022-12-20T11:03:25.870+01:00,2022-12-01T00:00:00.000+01:00,2022-12-01T00:00:00.000+01:00
BARAJAS,2103,CASCO H.BARAJAS,21019,19,52,9,7,5,4,2022-12-20T11:03:25.870+01:00,2022-12-01T00:00:00.000+01:00,2022-12-01T00:00:00.000+01:00
BARAJAS,2103,CASCO H.BARAJAS,21019,19,54,6,6,4,3,2022-12-20T11:03:25.870+01:00,2022-12-01T00:00:00.000+01:00,2022-12-01T00:00:00.000+01:00
BARAJAS,2103,CASCO H.BARAJAS,21019,19,55,11,8,1,2,2022-12-20T11:03:25.870+01:00,2022-12-01T00:00:00.000+01:00,2022-12-01T00:00:00.000+01:00
BARAJAS,2103,CASCO H.BARAJAS,21019,19,56,10,11,1,2,2022-12-20T11:03:25.870+01:00,2022-12-01T00:00:00.000+01:00,2022-12-01T00:00:00.000+01:00
BARAJAS,2103,CASCO H.BARAJAS,21019,19,58,8,14,1,2,2022-12-20T11:03:25.870+01:00,2022-12-01T00:00:00.000+01:00,2022-12-01T00:00:00.000+01:00
BARAJAS,2103,CASCO H.BARAJAS,21019,19,64,4,8,0,0,2022-12-20T11:03:25.870+01:00,2022-12-01T00:00:00.000+01:00,2022-12-01T00:00:00.000+01:00
BARAJAS,2103,CASCO H.BARAJAS,21019,19,65,10,5,0,1,2022-12-20T11:03:25.870+01:00,2022-12-01T00:00:00.000+01:00,2022-12-01T00:00:00.000+01:00
BARAJAS,2103,CASCO H.BARAJAS,21019,19,66,8,11,0,0,2022-12-20T11:03:25.870+01:00,2022-12-01T00:00:00.000+01:00,2022-12-01T00:00:00.000+01:00
BARAJAS,2103,CASCO H.BARAJAS,21019,19,67,8,6,2,3,2022-12-20T11:03:25.870+01:00,2022-12-01T00:00:00.000+01:00,2022-12-01T00:00:00.000+01:00
BARAJAS,2103,CASCO H.BARAJAS,21019,19,68,6,6,0,1,2022-12-20T11:03:25.870+01:00,2022-12-01T00:00:00.000+01:00,2022-12-01T00:00:00.000+01:00
BARAJAS,2103,CASCO H.BARAJAS,21019,19,69,12,14,0,0,2022-12-20T11:03:25.870+01:00,2022-12-01T00:00:00.000+01:00,2022-12-01T00:00:00.000+01:00
BARAJAS,2103,CASCO H.BARAJAS,21019,19,70,3,7,1,0,2022-12-20T11:03:25.870+01:00,2022-12-01T00:00:00.000+01:00,2022-12-01T00:00:00.000+01:00
BARAJAS,2103,CASCO H.BARAJAS,21019,19,76,3,6,0,0,2022-12-20T11:03:25.870+01:00,2022-12-01T00:00:00.000+01:00,2022-12-01T00:00:00.000+01:00
BARAJAS,2103,CASCO H.BARAJAS,21019,19,77,3,5,0,0,2022-12-20T11:03:25.870+01:00,2022-12-01T00:00:00.000+01:00,2022-12-01T00:00:00.000+01:00
BARAJAS,2103,CASCO H.BARAJAS,21019,19,78,0,5,0,0,2022-12-20T11:03:25.870+01:00,2022-12-01T00:00:00.000+01:00,2022-12-01T00:00:00.000+01:00
BARAJAS,2103,CASCO H.BARAJAS,21019,19,84,0,2,0,0,2022-12-20T11:03:25.870+01:00,2022-12-01T00:00:00.000+01:00,2022-12-01T00:00:00.000+01:00
BARAJAS,2103,CASCO H.BARAJAS,21019,19,87,3,3,0,1,2022-12-20T11:03:25.870+01:00,2022-12-01T00:00:00.000+01:00,2022-12-01T00:00:00.000+01:00
BARAJAS,2103,CASCO H.BARAJAS,21019,19,93,1,1,0,0,2022-12-20T11:03:25.870+01:00,2022-12-01T00:00:00.000+01:00,2022-12-01T00:00:00.000+01:00
BARAJAS,2103,CASCO H.BARAJAS,21019,19,95,0,1,0,0,2022-12-20T11:03:25.870+01:00,2022-12-01T00:00:00.000+01:00,2022-12-01T00:00:00.000+01:00
BARAJAS,2103,CASCO H.BARAJAS,21020,20,2,6,2,1,3,2022-12-20T11:03:25.870+01:00,2022-12-01T00:00:00.000+01:00,2022-12-01T00:00:00.000+01:00
BARAJAS,2103,CASCO H.BARAJAS,21020,20,3,4,4,1,2,2022-12-20T11:03:25.870+01:00,2022-12-01T00:00:00.000+01:00,2022-12-01T00:00:00.000+01:00
BARAJAS,2103,CASCO H.BARAJAS,21020,20,5,3,5,0,0,2022-12-20T11:03:25.870+01:00,2022-12-01T00:00:00.000+01:00,2022-12-01T00:00:00.000+01:00
BARAJAS,2103,CASCO H.BARAJAS,21020,20,12,6,5,2,2,2022-12-20T11:03:25.870+01:00,2022-12-01T00:00:00.000+01:00,2022-12-01T00:00:00.000+01:00
BARAJAS,2103,CASCO H.BARAJAS,21020,20,18,3,5,0,0,2022-12-20T11:03:25.870+01:00,2022-12-01T00:00:00.000+01:00,2022-12-01T00:00:00.000+01:00
BARAJAS,2103,CASCO H.BARAJAS,21020,20,32,14,11,5,4,2022-12-20T11:03:25.870+01:00,2022-12-01T00:00:00.000+01:00,2022-12-01T00:00:00.000+01:00
BARAJAS,2103,CASCO H.BARAJAS,21020,20,35,6,10,2,3,2022-12-20T11:03:25.870+01:00,2022-12-01T00:00:00.000+01:00,2022-12-01T00:00:00.000+01:00
BARAJAS,2103,CASCO H.BARAJAS,21020,20,41,10,12,3,3,2022-12-20T11:03:25.870+01:00,2022-12-01T00:00:00.000+01:00,2022-12-01T00:00:00.000+01:00
BARAJAS,2103,CASCO H.BARAJAS,21020,20,43,7,11,2,3,2022-12-20T11:03:25.870+01:00,2022-12-01T00:00:00.000+01:00,2022-12-01T00:00:00.000+01:00
BARAJAS,2103,CASCO H.BARAJAS,21020,20,54,5,9,5,0,2022-12-20T11:03:25.870+01:00,2022-12-01T00:00:00.000+01:00,2022-12-01T00:00:00.000+01:00
BARAJAS,2103,CASCO H.BARAJAS,21020,20,57,12,14,1,1,2022-12-20T11:03:25.870+01:00,2022-12-01T00:00:00.000+01:00,2022-12-01T00:00:00.000+01:00
BARAJAS,2103,CASCO H.BARAJAS,21020,20,59,17,9,0,1,2022-12-20T11:03:25.870+01:00,2022-12-01T00:00:00.000+01:00,2022-12-01T00:00:00.000+01:00
BARAJAS,2103,CASCO H.BARAJAS,21020,20,61,5,12,3,1,2022-12-20T11:03:25.870+01:00,2022-12-01T00:00:00.000+01:00,2022-12-01T00:00:00.000+01:00
BARAJAS,2103,CASCO H.BARAJAS,21020,20,67,11,3,0,0,2022-12-20T11:03:25.870+01:00,2022-12-01T00:00:00.000+01:00,2022-12-01T00:00:00.000+01:00
BARAJAS,2103,CASCO H.BARAJAS,21020,20,70,10,14,0,0,2022-12-20T11:03:25.870+01:00,2022-12-01T00:00:00.000+01:00,2022-12-01T00:00:00.000+01:00
BARAJAS,2103,CASCO H.BARAJAS,21020,20,75,7,12,0,0,2022-12-20T11:03:25.870+01:00,2022-12-01T00:00:00.000+01:00,2022-12-01T00:00:00.000+01:00
BARAJAS,2103,CASCO H.BARAJAS,21020,20,83,5,12,0,0,2022-12-20T11:03:25.870+01:00,2022-12-01T00:00:00.000+01:00,2022-12-01T00:00:00.000+01:00
BARAJAS,2103,CASCO H.BARAJAS,21020,20,86,2,6,0,0,2022-12-20T11:03:25.870+01:00,2022-12-01T00:00:00.000+01:00,2022-12-01T00:00:00.000+01:00
BARAJAS,2103,CASCO H.BARAJAS,21020,20,90,3,7,0,0,2022-12-20T11:03:25.870+01:00,2022-12-01T00:00:00.000+01:00,2022-12-01T00:00:00.000+01:00
BARAJAS,2103,CASCO H.BARAJAS,21020,20,92,0,3,0,0,2022-12-20T11:03:25.870+01:00,2022-12-01T00:00:00.000+01:00,2022-12-01T00:00:00.000+01:00
BARAJAS,2103,CASCO H.BARAJAS,21020,20,94,1,0,0,0,2022-12-20T11:03:25.870+01:00,2022-12-01T00:00:00.000+01:00,2022-12-01T00:00:00.000+01:00
BARAJAS,2103,CASCO H.BARAJAS,21021,21,4,4,6,0,2,2022-12-20T11:03:25.870+01:00,2022-12-01T00:00:00.000+01:00,2022-12-01T00:00:00.000+01:00
BARAJAS,2103,CASCO H.BARAJAS,21021,21,7,2,7,0,3,2022-12-20T11:03:25.870+01:00,2022-12-01T00:00:00.000+01:00,2022-12-01T00:00:00.000+01:00
BARAJAS,2103,CASCO H.BARAJAS,21021,21,11,6,3,3,1,2022-12-20T11:03:25.870+01:00,2022-12-01T00:00:00.000+01:00,2022-12-01T00:00:00.000+01:00
BARAJAS,2103,CASCO H.BARAJAS,21021,21,13,5,1,1,1,2022-12-20T11:03:25.870+01:00,2022-12-01T00:00:00.000+01:00,2022-12-01T00:00:00.000+01:00
BARAJAS,2103,CASCO H.BARAJAS,21021,21,14,6,1,0,1,2022-12-20T11:03:25.870+01:00,2022-12-01T00:00:00.000+01:00,2022-12-01T00:00:00.000+01:00
BARAJAS,2103,CASCO H.BARAJAS,21021,21,19,5,6,3,1,2022-12-20T11:03:25.870+01:00,2022-12-01T00:00:00.000+01:00,2022-12-01T00:00:00.000+01:00
BARAJAS,2103,CASCO H.BARAJAS,21021,21,21,4,3,2,1,2022-12-20T11:03:25.870+01:00,2022-12-01T00:00:00.000+01:00,2022-12-01T00:00:00.000+01:00
BARAJAS,2103,CASCO H.BARAJAS,21021,21,22,6,7,4,5,2022-12-20T11:03:25.870+01:00,2022-12-01T00:00:00.000+01:00,2022-12-01T00:00:00.000+01:00
BARAJAS,2103,CASCO H.BARAJAS,21021,21,23,3,4,2,5,2022-12-20T11:03:25.870+01:00,2022-12-01T00:00:00.000+01:00,2022-12-01T00:00:00.000+01:00
BARAJAS,2103,CASCO H.BARAJAS,21021,21,26,3,5,2,1,2022-12-20T11:03:25.870+01:00,2022-12-01T00:00:00.000+01:00,2022-12-01T00:00:00.000+01:00
BARAJAS,2103,CASCO H.BARAJAS,21021,21,30,5,4,6,2,2022-12-20T11:03:25.870+01:00,2022-12-01T00:00:00.000+01:00,2022-12-01T00:00:00.000+01:00
BARAJAS,2103,CASCO H.BARAJAS,21021,21,35,11,3,2,0,2022-12-20T11:03:25.870+01:00,2022-12-01T00:00:00.000+01:00,2022-12-01T00:00:00.000+01:00
BARAJAS,2103,CASCO H.BARAJAS,21021,21,37,4,10,5,4,2022-12-20T11:03:25.870+01:00,2022-12-01T00:00:00.000+01:00,2022-12-01T00:00:00.000+01:00
BARAJAS,2103,CASCO H.BARAJAS,21021,21,40,11,10,2,3,2022-12-20T11:03:25.870+01:00,2022-12-01T00:00:00.000+01:00,2022-12-01T00:00:00.000+01:00
BARAJAS,2103,CASCO H.BARAJAS,21021,21,41,6,5,4,4,2022-12-20T11:03:25.870+01:00,2022-12-01T00:00:00.000+01:00,2022-12-01T00:00:00.000+01:00
BARAJAS,2103,CASCO H.BARAJAS,21021,21,49,10,4,0,4,2022-12-20T11:03:25.870+01:00,2022-12-01T00:00:00.000+01:00,2022-12-01T00:00:00.000+01:00
BARAJAS,2103,CASCO H.BARAJAS,21021,21,51,4,7,2,5,2022-12-20T11:03:25.870+01:00,2022-12-01T00:00:00.000+01:00,2022-12-01T00:00:00.000+01:00
BARAJAS,2103,CASCO H.BARAJAS,21021,21,53,5,4,2,0,2022-12-20T11:03:25.870+01:00,2022-12-01T00:00:00.000+01:00,2022-12-01T00:00:00.000+01:00
BARAJAS,2103,CASCO H.BARAJAS,21021,21,54,10,7,2,3,2022-12-20T11:03:25.870+01:00,2022-12-01T00:00:00.000+01:00,2022-12-01T00:00:00.000+01:00
BARAJAS,2103,CASCO H.BARAJAS,21021,21,57,8,9,1,1,2022-12-20T11:03:25.870+01:00,2022-12-01T00:00:00.000+01:00,2022-12-01T00:00:00.000+01:00
BARAJAS,2103,CASCO H.BARAJAS,21021,21,58,9,8,0,0,2022-12-20T11:03:25.870+01:00,2022-12-01T00:00:00.000+01:00,2022-12-01T00:00:00.000+01:00
BARAJAS,2103,CASCO H.BARAJAS,21021,21,67,4,8,0,1,2022-12-20T11:03:25.870+01:00,2022-12-01T00:00:00.000+01:00,2022-12-01T00:00:00.000+01:00
BARAJAS,2103,CASCO H.BARAJAS,21021,21,70,4,4,0,0,2022-12-20T11:03:25.870+01:00,2022-12-01T00:00:00.000+01:00,2022-12-01T00:00:00.000+01:00
BARAJAS,2103,CASCO H.BARAJAS,21021,21,71,6,5,0,1,2022-12-20T11:03:25.870+01:00,2022-12-01T00:00:00.000+01:00,2022-12-01T00:00:00.000+01:00
BARAJAS,2103,CASCO H.BARAJAS,21021,21,76,3,2,0,0,2022-12-20T11:03:25.870+01:00,2022-12-01T00:00:00.000+01:00,2022-12-01T00:00:00.000+01:00
BARAJAS,2103,CASCO H.BARAJAS,21021,21,80,1,3,0,0,2022-12-20T11:03:25.870+01:00,2022-12-01T00:00:00.000+01:00,2022-12-01T00:00:00.000+01:00
BARAJAS,2103,CASCO H.BARAJAS,21021,21,87,2,2,0,0,2022-12-20T11:03:25.870+01:00,2022-12-01T00:00:00.000+01:00,2022-12-01T00:00:00.000+01:00
BARAJAS,2103,CASCO H.BARAJAS,21021,21,90,1,3,0,0,2022-12-20T11:03:25.870+01:00,2022-12-01T00:00:00.000+01:00,2022-12-01T00:00:00.000+01:00
BARAJAS,2103,CASCO H.BARAJAS,21021,21,94,0,1,0,0,2022-12-20T11:03:25.870+01:00,2022-12-01T00:00:00.000+01:00,2022-12-01T00:00:00.000+01:00
